u[1][1], 0.000000e+00
u[2][1], 0.000000e+00
u[3][1], 0.000000e+00
u[4][1], 0.000000e+00
u[5][1], 0.000000e+00
u[6][1], 0.000000e+00
u[7][1], 0.000000e+00
u[8][1], 0.000000e+00
u[9][1], 0.000000e+00
u[10][1], 0.000000e+00
u[11][1], 0.000000e+00
u[12][1], 0.000000e+00
u[13][1], 0.000000e+00
u[14][1], 0.000000e+00
u[15][1], 0.000000e+00
u[16][1], 0.000000e+00
u[17][1], 0.000000e+00
u[18][1], 0.000000e+00
u[19][1], 0.000000e+00
u[20][1], 1.000000e+02
u[21][1], 1.000000e+02
u[22][1], 1.000000e+02
u[23][1], 1.000000e+02
u[24][1], 1.000000e+02
u[25][1], 1.000000e+02
u[26][1], 1.000000e+02
u[27][1], 1.000000e+02
u[28][1], 1.000000e+02
u[29][1], 1.000000e+02
u[30][1], 1.000000e+02
u[31][1], 1.000000e+02
u[32][1], 1.000000e+02
u[33][1], 1.000000e+02
u[34][1], 1.000000e+02
u[35][1], 1.000000e+02
u[36][1], 1.000000e+02
u[37][1], 1.000000e+02
u[38][1], 1.000000e+02
u[39][1], 1.000000e+02
u[40][1], 1.000000e+02
u[41][1], 1.000000e+02
u[42][1], 1.000000e+02
u[43][1], 1.000000e+02
u[44][1], 1.000000e+02
u[45][1], 1.000000e+02
u[46][1], 1.000000e+02
u[47][1], 1.000000e+02
u[48][1], 1.000000e+02
u[49][1], 1.000000e+02
u[50][1], 1.000000e+02
u[51][1], 1.000000e+02
u[52][1], 1.000000e+02
u[53][1], 1.000000e+02
u[54][1], 1.000000e+02
u[55][1], 1.000000e+02
u[56][1], 1.000000e+02
u[57][1], 1.000000e+02
u[58][1], 1.000000e+02
u[59][1], 1.000000e+02
u[60][1], 1.000000e+02
u[61][1], 1.000000e+02
u[62][1], 1.000000e+02
u[63][1], 1.000000e+02
u[64][1], 1.000000e+02
u[65][1], 1.000000e+02
u[66][1], 1.000000e+02
u[67][1], 1.000000e+02
u[68][1], 1.000000e+02
u[69][1], 1.000000e+02
u[70][1], 1.000000e+02
u[71][1], 1.000000e+02
u[72][1], 1.000000e+02
u[73][1], 1.000000e+02
u[74][1], 1.000000e+02
u[75][1], 1.000000e+02
u[76][1], 1.000000e+02
u[77][1], 2.500000e+02
u[78][1], 2.500000e+02
u[79][1], 2.500000e+02
u[80][1], 2.500000e+02
u[81][1], 2.500000e+02
u[82][1], 2.500000e+02
u[83][1], 2.500000e+02
u[84][1], 2.500000e+02
u[85][1], 2.500000e+02
u[86][1], 2.500000e+02
u[87][1], 2.500000e+02
u[88][1], 2.500000e+02
u[89][1], 2.500000e+02
u[90][1], 2.500000e+02
u[91][1], 2.500000e+02
u[92][1], 2.500000e+02
u[93][1], 2.500000e+02
u[94][1], 2.500000e+02
u[95][1], 2.500000e+02
u[96][1], 2.500000e+02
u[97][1], 2.500000e+02
u[98][1], 2.500000e+02
u[99][1], 2.500000e+02
u[100][1], 2.500000e+02
u[101][1], 2.500000e+02
u[102][1], 2.500000e+02
u[103][1], 2.500000e+02
u[104][1], 2.500000e+02
u[105][1], 2.500000e+02
u[106][1], 2.500000e+02
u[107][1], 2.500000e+02
u[108][1], 2.500000e+02
u[109][1], 2.500000e+02
u[110][1], 2.500000e+02
u[111][1], 2.500000e+02
u[112][1], 2.500000e+02
u[113][1], 2.500000e+02
u[114][1], 2.500000e+02
u[115][1], 2.500000e+02
u[116][1], 2.500000e+02
u[117][1], 2.500000e+02
u[118][1], 2.500000e+02
u[119][1], 2.500000e+02
u[120][1], 2.500000e+02
u[121][1], 2.500000e+02
u[122][1], 2.500000e+02
u[123][1], 2.500000e+02
u[124][1], 2.500000e+02
u[125][1], 2.500000e+02
u[126][1], 2.500000e+02
u[127][1], 2.500000e+02
u[128][1], 2.500000e+02
u[129][1], 2.500000e+02
u[130][1], 2.500000e+02
u[131][1], 2.500000e+02
u[132][1], 2.500000e+02
u[133][1], 2.500000e+02
u[134][1], 2.500000e+02
u[135][1], 2.500000e+02
u[136][1], 2.500000e+02
u[137][1], 2.500000e+02
u[138][1], 2.500000e+02
u[139][1], 2.500000e+02
u[140][1], 2.500000e+02
u[141][1], 2.500000e+02
u[142][1], 2.500000e+02
u[143][1], 2.500000e+02
u[144][1], 2.500000e+02
u[145][1], 2.500000e+02
u[146][1], 2.500000e+02
u[147][1], 2.500000e+02
u[148][1], 2.500000e+02
u[149][1], 2.500000e+02
u[150][1], 2.500000e+02
u[151][1], 2.500000e+02
u[152][1], 2.500000e+02
u[153][1], 2.500000e+02
u[154][1], 2.500000e+02
u[155][1], 2.500000e+02
u[156][1], 2.500000e+02
u[157][1], 2.500000e+02
u[158][1], 2.500000e+02
u[159][1], 2.500000e+02
u[160][1], 2.500000e+02
u[161][1], 2.500000e+02
u[162][1], 2.500000e+02
u[163][1], 2.500000e+02
u[164][1], 2.500000e+02
u[165][1], 2.500000e+02
u[166][1], 2.500000e+02
u[167][1], 2.500000e+02
u[168][1], 2.500000e+02
u[169][1], 2.500000e+02
u[170][1], 2.500000e+02
u[171][1], 2.500000e+02
u[172][1], 2.500000e+02
u[173][1], 2.500000e+02
u[174][1], 2.500000e+02
u[175][1], 2.500000e+02
u[176][1], 2.500000e+02
u[177][1], 2.500000e+02
u[178][1], 2.500000e+02
u[179][1], 2.500000e+02
u[180][1], 2.500000e+02
u[181][1], 2.500000e+02
u[182][1], 2.500000e+02
u[183][1], 0.000000e+00
u[184][1], 0.000000e+00
u[185][1], 0.000000e+00
u[186][1], 0.000000e+00
u[187][1], 0.000000e+00
u[188][1], 0.000000e+00
u[189][1], 0.000000e+00
u[190][1], 0.000000e+00
u[191][1], 0.000000e+00
u[192][1], 0.000000e+00
u[193][1], 0.000000e+00
u[194][1], 0.000000e+00
u[195][1], 0.000000e+00
u[196][1], 0.000000e+00
u[197][1], 0.000000e+00
u[198][1], 0.000000e+00
u[199][1], 0.000000e+00
u[200][1], 0.000000e+00
u[201][1], 0.000000e+00
u[202][1], 0.000000e+00
u[203][1], 0.000000e+00
u[204][1], 0.000000e+00
u[205][1], 0.000000e+00
u[206][1], 0.000000e+00
u[207][1], 0.000000e+00
u[208][1], 0.000000e+00
u[209][1], 0.000000e+00
u[210][1], 0.000000e+00
u[211][1], 0.000000e+00
u[212][1], 0.000000e+00
u[213][1], 0.000000e+00
u[214][1], 0.000000e+00
u[215][1], 0.000000e+00
u[216][1], 0.000000e+00
u[217][1], 0.000000e+00
u[218][1], 0.000000e+00
u[219][1], 0.000000e+00
u[220][1], 0.000000e+00
u[221][1], 0.000000e+00
u[222][1], 0.000000e+00
u[223][1], 0.000000e+00
u[224][1], 0.000000e+00
u[225][1], 0.000000e+00
u[226][1], 0.000000e+00
u[227][1], 0.000000e+00
u[228][1], 0.000000e+00
u[229][1], 0.000000e+00
u[230][1], 0.000000e+00
u[231][1], 0.000000e+00
u[232][1], 0.000000e+00
u[233][1], 0.000000e+00
u[234][1], 0.000000e+00
u[235][1], 0.000000e+00
u[236][1], 0.000000e+00
u[237][1], 0.000000e+00
u[238][1], 0.000000e+00
u[239][1], 0.000000e+00
u[240][1], 0.000000e+00
u[241][1], 0.000000e+00
u[242][1], 0.000000e+00
u[243][1], 0.000000e+00
u[244][1], 0.000000e+00
u[245][1], 0.000000e+00
u[246][1], 0.000000e+00
u[247][1], 0.000000e+00
u[248][1], 0.000000e+00
u[249][1], 0.000000e+00
u[250][1], 0.000000e+00
u[251][1], 0.000000e+00
u[252][1], 0.000000e+00
u[253][1], 0.000000e+00
u[254][1], 0.000000e+00
u[255][1], 0.000000e+00
u[256][1], 0.000000e+00
u[257][1], 0.000000e+00
u[258][1], 0.000000e+00
u[259][1], 0.000000e+00
u[260][1], 0.000000e+00
u[261][1], 0.000000e+00
u[262][1], 0.000000e+00
u[263][1], 0.000000e+00
u[264][1], 0.000000e+00
u[265][1], 0.000000e+00
u[266][1], 0.000000e+00
u[267][1], 0.000000e+00
u[268][1], 0.000000e+00
u[269][1], 0.000000e+00
u[270][1], 0.000000e+00
u[271][1], 0.000000e+00
u[272][1], 0.000000e+00
u[273][1], 0.000000e+00
u[274][1], 0.000000e+00
u[275][1], 0.000000e+00
u[276][1], 0.000000e+00
u[277][1], 0.000000e+00
u[278][1], 0.000000e+00
u[279][1], 0.000000e+00
u[280][1], 0.000000e+00
u[281][1], 0.000000e+00
u[282][1], 0.000000e+00
u[283][1], 0.000000e+00
u[284][1], 0.000000e+00
u[285][1], 0.000000e+00
u[286][1], 0.000000e+00
u[287][1], 0.000000e+00
u[288][1], 2.500000e+02
u[289][1], 2.500000e+02
u[290][1], 2.500000e+02
u[291][1], 2.500000e+02
u[292][1], 2.500000e+02
u[293][1], 2.500000e+02
u[294][1], 2.500000e+02
u[295][1], 2.500000e+02
u[296][1], 2.500000e+02
u[297][1], 2.500000e+02
u[298][1], 2.500000e+02
u[299][1], 2.500000e+02
u[300][1], 2.500000e+02
u[301][1], 2.500000e+02
u[302][1], 2.500000e+02
u[303][1], 2.500000e+02
u[304][1], 2.500000e+02
u[305][1], 2.500000e+02
u[306][1], 2.500000e+02
u[307][1], 2.500000e+02
u[308][1], 2.500000e+02
u[309][1], 2.500000e+02
u[310][1], 2.500000e+02
u[311][1], 2.500000e+02
u[312][1], 2.500000e+02
u[313][1], 2.500000e+02
u[314][1], 2.500000e+02
u[315][1], 2.500000e+02
u[316][1], 2.500000e+02
u[317][1], 2.500000e+02
u[318][1], 2.500000e+02
u[319][1], 2.500000e+02
u[320][1], 2.500000e+02
u[321][1], 2.500000e+02
u[322][1], 2.500000e+02
u[323][1], 2.500000e+02
u[324][1], 2.500000e+02
u[325][1], 2.500000e+02
u[326][1], 2.500000e+02
u[327][1], 2.500000e+02
u[328][1], 2.500000e+02
u[329][1], 2.500000e+02
u[330][1], 2.500000e+02
u[331][1], 2.500000e+02
u[332][1], 2.500000e+02
u[333][1], 2.500000e+02
u[334][1], 2.500000e+02
u[335][1], 2.500000e+02
u[336][1], 2.500000e+02
u[337][1], 2.500000e+02
u[338][1], 2.500000e+02
u[339][1], 2.500000e+02
u[340][1], 2.500000e+02
u[341][1], 2.500000e+02
u[342][1], 2.500000e+02
u[343][1], 2.500000e+02
u[344][1], 2.500000e+02
u[345][1], 2.500000e+02
u[346][1], 2.500000e+02
u[347][1], 2.500000e+02
u[348][1], 2.500000e+02
u[349][1], 2.500000e+02
u[350][1], 2.500000e+02
u[351][1], 2.500000e+02
u[352][1], 2.500000e+02
u[353][1], 2.500000e+02
u[354][1], 2.500000e+02
u[355][1], 2.500000e+02
u[356][1], 2.500000e+02
u[357][1], 2.500000e+02
u[358][1], 2.500000e+02
u[359][1], 2.500000e+02
u[360][1], 2.500000e+02
u[361][1], 2.500000e+02
u[362][1], 2.500000e+02
u[363][1], 2.500000e+02
u[364][1], 2.500000e+02
u[365][1], 2.500000e+02
u[366][1], 2.500000e+02
u[367][1], 2.500000e+02
u[368][1], 2.500000e+02
u[369][1], 2.500000e+02
u[370][1], 2.500000e+02
u[371][1], 2.500000e+02
u[372][1], 2.500000e+02
u[373][1], 2.500000e+02
u[374][1], 2.500000e+02
u[375][1], 2.500000e+02
u[376][1], 2.500000e+02
u[377][1], 2.500000e+02
u[378][1], 2.500000e+02
u[379][1], 0.000000e+00
u[380][1], 0.000000e+00
u[381][1], 0.000000e+00
u[382][1], 0.000000e+00
u[383][1], 0.000000e+00
u[384][1], 0.000000e+00
u[385][1], 0.000000e+00
u[386][1], 0.000000e+00
u[387][1], 0.000000e+00
u[388][1], 0.000000e+00
u[389][1], 0.000000e+00
u[390][1], 0.000000e+00
u[391][1], 0.000000e+00
u[392][1], 0.000000e+00
u[393][1], 0.000000e+00
u[394][1], 0.000000e+00
u[395][1], 0.000000e+00
u[396][1], 0.000000e+00
u[397][1], 0.000000e+00
u[398][1], 0.000000e+00
u[399][1], 0.000000e+00
u[400][1], 0.000000e+00
u[401][1], 0.000000e+00
u[402][1], 0.000000e+00
u[403][1], 0.000000e+00
u[404][1], 0.000000e+00
u[405][1], 0.000000e+00
u[406][1], 0.000000e+00
u[407][1], 0.000000e+00
u[408][1], 0.000000e+00
u[409][1], 0.000000e+00
u[410][1], 0.000000e+00
u[411][1], 0.000000e+00
u[412][1], 0.000000e+00
u[413][1], 0.000000e+00
u[414][1], 0.000000e+00
u[415][1], 0.000000e+00
u[416][1], 0.000000e+00
u[417][1], 0.000000e+00
u[418][1], 0.000000e+00
u[419][1], 0.000000e+00
u[420][1], 0.000000e+00
u[421][1], 0.000000e+00
u[422][1], 0.000000e+00
u[423][1], 0.000000e+00
u[424][1], 0.000000e+00
u[425][1], 0.000000e+00
u[426][1], 0.000000e+00
u[427][1], 0.000000e+00
u[428][1], 0.000000e+00
u[429][1], 0.000000e+00
u[430][1], 0.000000e+00
u[431][1], 0.000000e+00
u[432][1], 0.000000e+00
u[433][1], 0.000000e+00
u[434][1], 0.000000e+00
u[435][1], 0.000000e+00
u[436][1], 0.000000e+00
u[437][1], 0.000000e+00
u[438][1], 0.000000e+00
u[439][1], 0.000000e+00
u[440][1], 0.000000e+00
u[441][1], 0.000000e+00
u[442][1], 0.000000e+00
u[443][1], 0.000000e+00
u[444][1], 0.000000e+00
u[445][1], 0.000000e+00
u[446][1], 0.000000e+00
u[447][1], 0.000000e+00
u[448][1], 0.000000e+00
u[449][1], 0.000000e+00
u[450][1], 0.000000e+00
u[451][1], 0.000000e+00
u[452][1], 0.000000e+00
u[453][1], 0.000000e+00
u[454][1], 0.000000e+00
u[455][1], 0.000000e+00
u[456][1], 0.000000e+00
u[457][1], 0.000000e+00
u[458][1], 0.000000e+00
u[459][1], 0.000000e+00
u[460][1], 0.000000e+00
u[461][1], 0.000000e+00
u[462][1], 0.000000e+00
u[463][1], 0.000000e+00
u[464][1], 0.000000e+00
u[465][1], 0.000000e+00
u[466][1], 0.000000e+00
u[467][1], 0.000000e+00
u[468][1], 0.000000e+00
u[469][1], 0.000000e+00
u[470][1], 0.000000e+00
u[471][1], 0.000000e+00
u[472][1], 0.000000e+00
u[473][1], 0.000000e+00
u[474][1], 0.000000e+00
u[475][1], 0.000000e+00
u[476][1], 0.000000e+00
u[477][1], 0.000000e+00
u[478][1], 0.000000e+00
u[479][1], 0.000000e+00
u[480][1], 0.000000e+00
u[481][1], 0.000000e+00
u[482][1], 0.000000e+00
u[483][1], 0.000000e+00
u[484][1], 0.000000e+00
u[485][1], 0.000000e+00
u[486][1], 0.000000e+00
u[487][1], 0.000000e+00
u[488][1], 0.000000e+00
u[489][1], 0.000000e+00
u[490][1], 0.000000e+00
u[491][1], 0.000000e+00
u[492][1], 0.000000e+00
u[493][1], 0.000000e+00
u[494][1], 0.000000e+00
u[495][1], 0.000000e+00
u[496][1], 0.000000e+00
u[497][1], 0.000000e+00
u[1][2], 0.000000e+00
u[2][2], 0.000000e+00
u[3][2], 0.000000e+00
u[4][2], 0.000000e+00
u[5][2], 0.000000e+00
u[6][2], 0.000000e+00
u[7][2], 0.000000e+00
u[8][2], 0.000000e+00
u[9][2], 0.000000e+00
u[10][2], 0.000000e+00
u[11][2], 0.000000e+00
u[12][2], 0.000000e+00
u[13][2], 0.000000e+00
u[14][2], 0.000000e+00
u[15][2], 0.000000e+00
u[16][2], 0.000000e+00
u[17][2], 0.000000e+00
u[18][2], 0.000000e+00
u[19][2], 0.000000e+00
u[20][2], 0.000000e+00
u[21][2], 0.000000e+00
u[22][2], 0.000000e+00
u[23][2], 0.000000e+00
u[24][2], 0.000000e+00
u[25][2], 0.000000e+00
u[26][2], 0.000000e+00
u[27][2], 0.000000e+00
u[28][2], 0.000000e+00
u[29][2], 0.000000e+00
u[30][2], 0.000000e+00
u[31][2], 0.000000e+00
u[32][2], 0.000000e+00
u[33][2], 0.000000e+00
u[34][2], 0.000000e+00
u[35][2], 0.000000e+00
u[36][2], 0.000000e+00
u[37][2], 0.000000e+00
u[38][2], 0.000000e+00
u[39][2], 0.000000e+00
u[40][2], 0.000000e+00
u[41][2], 0.000000e+00
u[42][2], 0.000000e+00
u[43][2], 0.000000e+00
u[44][2], 0.000000e+00
u[45][2], 0.000000e+00
u[46][2], 0.000000e+00
u[47][2], 0.000000e+00
u[48][2], 0.000000e+00
u[49][2], 0.000000e+00
u[50][2], 0.000000e+00
u[51][2], 0.000000e+00
u[52][2], 0.000000e+00
u[53][2], 0.000000e+00
u[54][2], 0.000000e+00
u[55][2], 0.000000e+00
u[56][2], 0.000000e+00
u[57][2], 0.000000e+00
u[58][2], 0.000000e+00
u[59][2], 0.000000e+00
u[60][2], 0.000000e+00
u[61][2], 0.000000e+00
u[62][2], 0.000000e+00
u[63][2], 0.000000e+00
u[64][2], 0.000000e+00
u[65][2], 0.000000e+00
u[66][2], 0.000000e+00
u[67][2], 0.000000e+00
u[68][2], 0.000000e+00
u[69][2], 0.000000e+00
u[70][2], 0.000000e+00
u[71][2], 0.000000e+00
u[72][2], 0.000000e+00
u[73][2], 0.000000e+00
u[74][2], 0.000000e+00
u[75][2], 0.000000e+00
u[76][2], 0.000000e+00
u[77][2], 0.000000e+00
u[78][2], 0.000000e+00
u[79][2], 0.000000e+00
u[80][2], 0.000000e+00
u[81][2], 0.000000e+00
u[82][2], 0.000000e+00
u[83][2], 0.000000e+00
u[84][2], 0.000000e+00
u[85][2], 0.000000e+00
u[86][2], 0.000000e+00
u[87][2], 0.000000e+00
u[88][2], 0.000000e+00
u[89][2], 0.000000e+00
u[90][2], 0.000000e+00
u[91][2], 0.000000e+00
u[92][2], 0.000000e+00
u[93][2], 0.000000e+00
u[94][2], 0.000000e+00
u[95][2], 0.000000e+00
u[96][2], 0.000000e+00
u[97][2], 0.000000e+00
u[98][2], 0.000000e+00
u[99][2], 0.000000e+00
u[100][2], 0.000000e+00
u[101][2], 0.000000e+00
u[102][2], 0.000000e+00
u[103][2], 2.500000e+02
u[104][2], 2.500000e+02
u[105][2], 2.500000e+02
u[106][2], 2.500000e+02
u[107][2], 2.500000e+02
u[108][2], 2.500000e+02
u[109][2], 2.500000e+02
u[110][2], 2.500000e+02
u[111][2], 2.500000e+02
u[112][2], 2.500000e+02
u[113][2], 2.500000e+02
u[114][2], 2.500000e+02
u[115][2], 2.500000e+02
u[116][2], 2.500000e+02
u[117][2], 2.500000e+02
u[118][2], 2.500000e+02
u[119][2], 2.500000e+02
u[120][2], 2.500000e+02
u[121][2], 2.500000e+02
u[122][2], 2.500000e+02
u[123][2], 2.500000e+02
u[124][2], 2.500000e+02
u[125][2], 2.500000e+02
u[126][2], 2.500000e+02
u[127][2], 2.500000e+02
u[128][2], 2.500000e+02
u[129][2], 2.500000e+02
u[130][2], 2.500000e+02
u[131][2], 2.500000e+02
u[132][2], 2.500000e+02
u[133][2], 2.500000e+02
u[134][2], 2.500000e+02
u[135][2], 2.500000e+02
u[136][2], 2.500000e+02
u[137][2], 2.500000e+02
u[138][2], 2.500000e+02
u[139][2], 2.500000e+02
u[140][2], 2.500000e+02
u[141][2], 2.500000e+02
u[142][2], 2.500000e+02
u[143][2], 2.500000e+02
u[144][2], 2.500000e+02
u[145][2], 2.500000e+02
u[146][2], 2.500000e+02
u[147][2], 2.500000e+02
u[148][2], 2.500000e+02
u[149][2], 2.500000e+02
u[150][2], 2.500000e+02
u[151][2], 1.000000e+02
u[152][2], 1.000000e+02
u[153][2], 1.000000e+02
u[154][2], 1.000000e+02
u[155][2], 1.000000e+02
u[156][2], 1.000000e+02
u[157][2], 1.000000e+02
u[158][2], 1.000000e+02
u[159][2], 1.000000e+02
u[160][2], 1.000000e+02
u[161][2], 1.000000e+02
u[162][2], 1.000000e+02
u[163][2], 1.000000e+02
u[164][2], 1.000000e+02
u[165][2], 1.000000e+02
u[166][2], 1.000000e+02
u[167][2], 1.000000e+02
u[168][2], 1.000000e+02
u[169][2], 1.000000e+02
u[170][2], 1.000000e+02
u[171][2], 1.000000e+02
u[172][2], 1.000000e+02
u[173][2], 1.000000e+02
u[174][2], 1.000000e+02
u[175][2], 1.000000e+02
u[176][2], 1.000000e+02
u[177][2], 1.000000e+02
u[178][2], 1.000000e+02
u[179][2], 1.000000e+02
u[180][2], 1.000000e+02
u[181][2], 1.000000e+02
u[182][2], 1.000000e+02
u[183][2], 1.000000e+02
u[184][2], 1.000000e+02
u[185][2], 1.000000e+02
u[186][2], 1.000000e+02
u[187][2], 1.000000e+02
u[188][2], 1.000000e+02
u[189][2], 1.000000e+02
u[190][2], 1.000000e+02
u[191][2], 1.000000e+02
u[192][2], 1.000000e+02
u[193][2], 1.000000e+02
u[194][2], 1.000000e+02
u[195][2], 1.000000e+02
u[196][2], 1.000000e+02
u[197][2], 1.000000e+02
u[198][2], 1.000000e+02
u[199][2], 1.000000e+02
u[200][2], 1.000000e+02
u[201][2], 1.000000e+02
u[202][2], 1.000000e+02
u[203][2], 1.000000e+02
u[204][2], 1.000000e+02
u[205][2], 1.000000e+02
u[206][2], 1.000000e+02
u[207][2], 1.000000e+02
u[208][2], 1.000000e+02
u[209][2], 1.000000e+02
u[210][2], 1.000000e+02
u[211][2], 1.000000e+02
u[212][2], 1.000000e+02
u[213][2], 1.000000e+02
u[214][2], 1.000000e+02
u[215][2], 1.000000e+02
u[216][2], 1.000000e+02
u[217][2], 1.000000e+02
u[218][2], 1.000000e+02
u[219][2], 1.000000e+02
u[220][2], 1.000000e+02
u[221][2], 1.000000e+02
u[222][2], 1.000000e+02
u[223][2], 1.000000e+02
u[224][2], 1.000000e+02
u[225][2], 1.000000e+02
u[226][2], 1.000000e+02
u[227][2], 1.000000e+02
u[228][2], 1.000000e+02
u[229][2], 1.000000e+02
u[230][2], 1.000000e+02
u[231][2], 1.000000e+02
u[232][2], 1.000000e+02
u[233][2], 0.000000e+00
u[234][2], 0.000000e+00
u[235][2], 0.000000e+00
u[236][2], 0.000000e+00
u[237][2], 0.000000e+00
u[238][2], 0.000000e+00
u[239][2], 0.000000e+00
u[240][2], 0.000000e+00
u[241][2], 0.000000e+00
u[242][2], 0.000000e+00
u[243][2], 0.000000e+00
u[244][2], 0.000000e+00
u[245][2], 0.000000e+00
u[246][2], 0.000000e+00
u[247][2], 0.000000e+00
u[248][2], 0.000000e+00
u[249][2], 2.500000e+02
u[250][2], 2.500000e+02
u[251][2], 2.500000e+02
u[252][2], 2.500000e+02
u[253][2], 2.500000e+02
u[254][2], 2.500000e+02
u[255][2], 2.500000e+02
u[256][2], 2.500000e+02
u[257][2], 2.500000e+02
u[258][2], 2.500000e+02
u[259][2], 2.500000e+02
u[260][2], 2.500000e+02
u[261][2], 2.500000e+02
u[262][2], 2.500000e+02
u[263][2], 2.500000e+02
u[264][2], 2.500000e+02
u[265][2], 2.500000e+02
u[266][2], 2.500000e+02
u[267][2], 2.500000e+02
u[268][2], 2.500000e+02
u[269][2], 2.500000e+02
u[270][2], 2.500000e+02
u[271][2], 2.500000e+02
u[272][2], 2.500000e+02
u[273][2], 2.500000e+02
u[274][2], 2.500000e+02
u[275][2], 2.500000e+02
u[276][2], 2.500000e+02
u[277][2], 2.500000e+02
u[278][2], 2.500000e+02
u[279][2], 2.500000e+02
u[280][2], 2.500000e+02
u[281][2], 2.500000e+02
u[282][2], 2.500000e+02
u[283][2], 2.500000e+02
u[284][2], 2.500000e+02
u[285][2], 2.500000e+02
u[286][2], 2.500000e+02
u[287][2], 2.500000e+02
u[288][2], 2.500000e+02
u[289][2], 2.500000e+02
u[290][2], 2.500000e+02
u[291][2], 2.500000e+02
u[292][2], 2.500000e+02
u[293][2], 2.500000e+02
u[294][2], 2.500000e+02
u[295][2], 2.500000e+02
u[296][2], 2.500000e+02
u[297][2], 2.500000e+02
u[298][2], 2.500000e+02
u[299][2], 2.500000e+02
u[300][2], 2.500000e+02
u[301][2], 2.500000e+02
u[302][2], 2.500000e+02
u[303][2], 2.500000e+02
u[304][2], 2.500000e+02
u[305][2], 2.500000e+02
u[306][2], 2.500000e+02
u[307][2], 2.500000e+02
u[308][2], 2.500000e+02
u[309][2], 2.500000e+02
u[310][2], 2.500000e+02
u[311][2], 2.500000e+02
u[312][2], 2.500000e+02
u[313][2], 2.500000e+02
u[314][2], 2.500000e+02
u[315][2], 2.500000e+02
u[316][2], 2.500000e+02
u[317][2], 2.500000e+02
u[318][2], 2.500000e+02
u[319][2], 2.500000e+02
u[320][2], 2.500000e+02
u[321][2], 2.500000e+02
u[322][2], 2.500000e+02
u[323][2], 2.500000e+02
u[324][2], 2.500000e+02
u[325][2], 2.500000e+02
u[326][2], 2.500000e+02
u[327][2], 2.500000e+02
u[328][2], 2.500000e+02
u[329][2], 0.000000e+00
u[330][2], 0.000000e+00
u[331][2], 0.000000e+00
u[332][2], 0.000000e+00
u[333][2], 0.000000e+00
u[334][2], 0.000000e+00
u[335][2], 0.000000e+00
u[336][2], 0.000000e+00
u[337][2], 0.000000e+00
u[338][2], 0.000000e+00
u[339][2], 0.000000e+00
u[340][2], 0.000000e+00
u[341][2], 0.000000e+00
u[342][2], 0.000000e+00
u[343][2], 0.000000e+00
u[344][2], 0.000000e+00
u[345][2], 0.000000e+00
u[346][2], 0.000000e+00
u[347][2], 0.000000e+00
u[348][2], 0.000000e+00
u[349][2], 0.000000e+00
u[350][2], 0.000000e+00
u[351][2], 0.000000e+00
u[352][2], 0.000000e+00
u[353][2], 0.000000e+00
u[354][2], 0.000000e+00
u[355][2], 0.000000e+00
u[356][2], 0.000000e+00
u[357][2], 0.000000e+00
u[358][2], 0.000000e+00
u[359][2], 0.000000e+00
u[360][2], 0.000000e+00
u[361][2], 0.000000e+00
u[362][2], 0.000000e+00
u[363][2], 0.000000e+00
u[364][2], 0.000000e+00
u[365][2], 0.000000e+00
u[366][2], 0.000000e+00
u[367][2], 0.000000e+00
u[368][2], 0.000000e+00
u[369][2], 0.000000e+00
u[370][2], 0.000000e+00
u[371][2], 0.000000e+00
u[372][2], 0.000000e+00
u[373][2], 0.000000e+00
u[374][2], 0.000000e+00
u[375][2], 0.000000e+00
u[376][2], 0.000000e+00
u[377][2], 0.000000e+00
u[378][2], 0.000000e+00
u[379][2], 0.000000e+00
u[380][2], 0.000000e+00
u[381][2], 0.000000e+00
u[382][2], 0.000000e+00
u[383][2], 0.000000e+00
u[384][2], 0.000000e+00
u[385][2], 0.000000e+00
u[386][2], 0.000000e+00
u[387][2], 0.000000e+00
u[388][2], 0.000000e+00
u[389][2], 0.000000e+00
u[390][2], 0.000000e+00
u[391][2], 0.000000e+00
u[392][2], 0.000000e+00
u[393][2], 0.000000e+00
u[394][2], 0.000000e+00
u[395][2], 0.000000e+00
u[396][2], 0.000000e+00
u[397][2], 0.000000e+00
u[398][2], 0.000000e+00
u[399][2], 0.000000e+00
u[400][2], 0.000000e+00
u[401][2], 0.000000e+00
u[402][2], 0.000000e+00
u[403][2], 0.000000e+00
u[404][2], 0.000000e+00
u[405][2], 0.000000e+00
u[406][2], 0.000000e+00
u[407][2], 0.000000e+00
u[408][2], 0.000000e+00
u[409][2], 0.000000e+00
u[410][2], 0.000000e+00
u[411][2], 0.000000e+00
u[412][2], 0.000000e+00
u[413][2], 0.000000e+00
u[414][2], 0.000000e+00
u[415][2], 0.000000e+00
u[416][2], 0.000000e+00
u[417][2], 0.000000e+00
u[418][2], 0.000000e+00
u[419][2], 0.000000e+00
u[420][2], 0.000000e+00
u[421][2], 0.000000e+00
u[422][2], 0.000000e+00
u[423][2], 0.000000e+00
u[424][2], 0.000000e+00
u[425][2], 0.000000e+00
u[426][2], 0.000000e+00
u[427][2], 0.000000e+00
u[428][2], 0.000000e+00
u[429][2], 0.000000e+00
u[430][2], 0.000000e+00
u[431][2], 0.000000e+00
u[432][2], 0.000000e+00
u[433][2], 0.000000e+00
u[434][2], 0.000000e+00
u[435][2], 0.000000e+00
u[436][2], 0.000000e+00
u[437][2], 0.000000e+00
u[438][2], 0.000000e+00
u[439][2], 0.000000e+00
u[440][2], 0.000000e+00
u[441][2], 0.000000e+00
u[442][2], 0.000000e+00
u[443][2], 0.000000e+00
u[444][2], 0.000000e+00
u[445][2], 0.000000e+00
u[446][2], 0.000000e+00
u[447][2], 0.000000e+00
u[448][2], 0.000000e+00
u[449][2], 0.000000e+00
u[450][2], 0.000000e+00
u[451][2], 0.000000e+00
u[452][2], 0.000000e+00
u[453][2], 0.000000e+00
u[454][2], 0.000000e+00
u[455][2], 0.000000e+00
u[456][2], 0.000000e+00
u[457][2], 0.000000e+00
u[458][2], 0.000000e+00
u[459][2], 0.000000e+00
u[460][2], 0.000000e+00
u[461][2], 0.000000e+00
u[462][2], 0.000000e+00
u[463][2], 0.000000e+00
u[464][2], 0.000000e+00
u[465][2], 0.000000e+00
u[466][2], 0.000000e+00
u[467][2], 0.000000e+00
u[468][2], 0.000000e+00
u[469][2], 0.000000e+00
u[470][2], 0.000000e+00
u[471][2], 0.000000e+00
u[472][2], 0.000000e+00
u[473][2], 0.000000e+00
u[474][2], 0.000000e+00
u[475][2], 0.000000e+00
u[476][2], 0.000000e+00
u[477][2], 0.000000e+00
u[478][2], 0.000000e+00
u[479][2], 0.000000e+00
u[480][2], 0.000000e+00
u[481][2], 0.000000e+00
u[482][2], 0.000000e+00
u[483][2], 0.000000e+00
u[484][2], 0.000000e+00
u[485][2], 0.000000e+00
u[486][2], 0.000000e+00
u[487][2], 0.000000e+00
u[488][2], 0.000000e+00
u[489][2], 0.000000e+00
u[490][2], 0.000000e+00
u[491][2], 0.000000e+00
u[492][2], 0.000000e+00
u[493][2], 0.000000e+00
u[494][2], 0.000000e+00
u[495][2], 0.000000e+00
u[496][2], 0.000000e+00
u[497][2], 0.000000e+00
z[1][1], 0.000000e+00
z[2][1], 0.000000e+00
z[3][1], 0.000000e+00
z[4][1], 0.000000e+00
z[5][1], 0.000000e+00
z[6][1], 0.000000e+00
z[7][1], 0.000000e+00
z[8][1], 0.000000e+00
z[9][1], 0.000000e+00
z[10][1], 0.000000e+00
z[11][1], 0.000000e+00
z[12][1], 0.000000e+00
z[13][1], 0.000000e+00
z[14][1], 0.000000e+00
z[15][1], 0.000000e+00
z[16][1], 0.000000e+00
z[17][1], 0.000000e+00
z[18][1], 0.000000e+00
z[19][1], 0.000000e+00
z[20][1], 0.000000e+00
z[21][1], 0.000000e+00
z[22][1], 0.000000e+00
z[23][1], 0.000000e+00
z[24][1], 0.000000e+00
z[25][1], 0.000000e+00
z[26][1], 0.000000e+00
z[27][1], 0.000000e+00
z[28][1], 0.000000e+00
z[29][1], 0.000000e+00
z[30][1], 5.800000e-01
z[31][1], 0.000000e+00
z[32][1], 5.800000e-01
z[33][1], 5.800000e-01
z[34][1], 5.800000e-01
z[35][1], 1.160000e+00
z[36][1], 1.160000e+00
z[37][1], 1.160000e+00
z[38][1], 1.160000e+00
z[39][1], 1.740000e+00
z[40][1], 1.740000e+00
z[41][1], 1.740000e+00
z[42][1], 2.320000e+00
z[43][1], 2.320000e+00
z[44][1], 2.900000e+00
z[45][1], 2.900000e+00
z[46][1], 2.900000e+00
z[47][1], 3.480000e+00
z[48][1], 3.480000e+00
z[49][1], 4.060000e+00
z[50][1], 4.060000e+00
z[51][1], 4.060000e+00
z[52][1], 4.640000e+00
z[53][1], 4.640000e+00
z[54][1], 5.220000e+00
z[55][1], 5.220000e+00
z[56][1], 5.220000e+00
z[57][1], 5.800000e+00
z[58][1], 5.800000e+00
z[59][1], 6.381000e+00
z[60][1], 6.381000e+00
z[61][1], 6.961000e+00
z[62][1], 6.961000e+00
z[63][1], 6.961000e+00
z[64][1], 7.541000e+00
z[65][1], 7.541000e+00
z[66][1], 8.121000e+00
z[67][1], 8.121000e+00
z[68][1], 8.701000e+00
z[69][1], 8.701000e+00
z[70][1], 9.281000e+00
z[71][1], 9.281000e+00
z[72][1], 9.281000e+00
z[73][1], 9.861000e+00
z[74][1], 9.861000e+00
z[75][1], 1.044100e+01
z[76][1], 1.044100e+01
z[77][1], 1.044100e+01
z[78][1], 1.102100e+01
z[79][1], 1.102100e+01
z[80][1], 1.160100e+01
z[81][1], 1.160100e+01
z[82][1], 1.160100e+01
z[83][1], 1.218100e+01
z[84][1], 1.218100e+01
z[85][1], 1.276100e+01
z[86][1], 1.334100e+01
z[87][1], 1.334100e+01
z[88][1], 1.392200e+01
z[89][1], 1.450200e+01
z[90][1], 1.450200e+01
z[91][1], 1.508200e+01
z[92][1], 1.566200e+01
z[93][1], 1.624200e+01
z[94][1], 1.682200e+01
z[95][1], 1.682200e+01
z[96][1], 1.740200e+01
z[97][1], 1.798200e+01
z[98][1], 1.856200e+01
z[99][1], 1.914200e+01
z[100][1], 1.972200e+01
z[101][1], 1.972200e+01
z[102][1], 2.030200e+01
z[103][1], 2.030200e+01
z[104][1], 2.088200e+01
z[105][1], 2.146200e+01
z[106][1], 2.204200e+01
z[107][1], 2.204200e+01
z[108][1], 2.262200e+01
z[109][1], 2.320200e+01
z[110][1], 2.378200e+01
z[111][1], 2.436200e+01
z[112][1], 2.494200e+01
z[113][1], 2.552200e+01
z[114][1], 2.610200e+01
z[115][1], 2.668300e+01
z[116][1], 2.668300e+01
z[117][1], 2.726300e+01
z[118][1], 2.784300e+01
z[119][1], 2.842300e+01
z[120][1], 2.900300e+01
z[121][1], 2.958300e+01
z[122][1], 3.016300e+01
z[123][1], 3.074300e+01
z[124][1], 3.132300e+01
z[125][1], 3.132300e+01
z[126][1], 3.190300e+01
z[127][1], 3.248300e+01
z[128][1], 3.306300e+01
z[129][1], 3.364400e+01
z[130][1], 3.422400e+01
z[131][1], 3.422400e+01
z[132][1], 3.480400e+01
z[133][1], 3.538400e+01
z[134][1], 3.596400e+01
z[135][1], 3.654400e+01
z[136][1], 3.654400e+01
z[137][1], 3.712100e+01
z[138][1], 3.770100e+01
z[139][1], 3.828100e+01
z[140][1], 3.886100e+01
z[141][1], 3.886100e+01
z[142][1], 3.944100e+01
z[143][1], 4.002100e+01
z[144][1], 4.060100e+01
z[145][1], 4.060100e+01
z[146][1], 4.118100e+01
z[147][1], 4.176100e+01
z[148][1], 4.234100e+01
z[149][1], 4.234100e+01
z[150][1], 4.292100e+01
z[151][1], 4.292100e+01
z[152][1], 4.350100e+01
z[153][1], 4.408100e+01
z[154][1], 4.408100e+01
z[155][1], 4.466100e+01
z[156][1], 4.525100e+01
z[157][1], 4.583100e+01
z[158][1], 4.583100e+01
z[159][1], 4.641100e+01
z[160][1], 4.699100e+01
z[161][1], 4.757100e+01
z[162][1], 4.757100e+01
z[163][1], 4.815100e+01
z[164][1], 4.873100e+01
z[165][1], 4.931100e+01
z[166][1], 4.931100e+01
z[167][1], 4.989100e+01
z[168][1], 5.047100e+01
z[169][1], 5.105100e+01
z[170][1], 5.105100e+01
z[171][1], 5.163100e+01
z[172][1], 5.221100e+01
z[173][1], 5.279100e+01
z[174][1], 5.279100e+01
z[175][1], 5.337100e+01
z[176][1], 5.395100e+01
z[177][1], 5.453100e+01
z[178][1], 5.453100e+01
z[179][1], 5.511100e+01
z[180][1], 5.569100e+01
z[181][1], 5.627100e+01
z[182][1], 5.627100e+01
z[183][1], 5.685100e+01
z[184][1], 5.685100e+01
z[185][1], 5.743100e+01
z[186][1], 5.801100e+01
z[187][1], 5.801100e+01
z[188][1], 5.859100e+01
z[189][1], 5.859100e+01
z[190][1], 5.917100e+01
z[191][1], 5.917100e+01
z[192][1], 5.917100e+01
z[193][1], 5.917100e+01
z[194][1], 5.917100e+01
z[195][1], 5.917100e+01
z[196][1], 5.917100e+01
z[197][1], 5.917100e+01
z[198][1], 5.917100e+01
z[199][1], 5.917100e+01
z[200][1], 5.859100e+01
z[201][1], 5.859100e+01
z[202][1], 5.859100e+01
z[203][1], 5.801100e+01
z[204][1], 5.801100e+01
z[205][1], 5.801100e+01
z[206][1], 5.743100e+01
z[207][1], 5.743100e+01
z[208][1], 5.743100e+01
z[209][1], 5.685100e+01
z[210][1], 5.685100e+01
z[211][1], 5.627100e+01
z[212][1], 5.627100e+01
z[213][1], 5.569100e+01
z[214][1], 5.569100e+01
z[215][1], 5.511100e+01
z[216][1], 5.511100e+01
z[217][1], 5.511100e+01
z[218][1], 5.453100e+01
z[219][1], 5.395100e+01
z[220][1], 5.395100e+01
z[221][1], 5.395100e+01
z[222][1], 5.337100e+01
z[223][1], 5.279100e+01
z[224][1], 5.279100e+01
z[225][1], 5.221100e+01
z[226][1], 5.221100e+01
z[227][1], 5.163100e+01
z[228][1], 5.163100e+01
z[229][1], 5.105100e+01
z[230][1], 5.105100e+01
z[231][1], 5.047100e+01
z[232][1], 5.047100e+01
z[233][1], 4.989100e+01
z[234][1], 4.931100e+01
z[235][1], 4.931100e+01
z[236][1], 4.873100e+01
z[237][1], 4.873100e+01
z[238][1], 4.815100e+01
z[239][1], 4.757100e+01
z[240][1], 4.757100e+01
z[241][1], 4.757100e+01
z[242][1], 4.699100e+01
z[243][1], 4.641100e+01
z[244][1], 4.641100e+01
z[245][1], 4.583100e+01
z[246][1], 4.583100e+01
z[247][1], 4.525100e+01
z[248][1], 4.525100e+01
z[249][1], 4.525100e+01
z[250][1], 4.525100e+01
z[251][1], 4.525100e+01
z[252][1], 4.467100e+01
z[253][1], 4.409100e+01
z[254][1], 4.409100e+01
z[255][1], 4.351100e+01
z[256][1], 4.351100e+01
z[257][1], 4.293100e+01
z[258][1], 4.293100e+01
z[259][1], 4.293100e+01
z[260][1], 4.235100e+01
z[261][1], 4.235100e+01
z[262][1], 4.177100e+01
z[263][1], 4.177100e+01
z[264][1], 4.119100e+01
z[265][1], 4.119100e+01
z[266][1], 4.061100e+01
z[267][1], 4.061100e+01
z[268][1], 4.061100e+01
z[269][1], 4.003100e+01
z[270][1], 4.003100e+01
z[271][1], 3.945100e+01
z[272][1], 3.945100e+01
z[273][1], 3.887100e+01
z[274][1], 3.887100e+01
z[275][1], 3.887100e+01
z[276][1], 3.829100e+01
z[277][1], 3.829100e+01
z[278][1], 3.829100e+01
z[279][1], 3.829100e+01
z[280][1], 3.771100e+01
z[281][1], 3.771100e+01
z[282][1], 3.713400e+01
z[283][1], 3.713400e+01
z[284][1], 3.713400e+01
z[285][1], 3.655400e+01
z[286][1], 3.655400e+01
z[287][1], 3.655400e+01
z[288][1], 3.655400e+01
z[289][1], 3.655400e+01
z[290][1], 3.597400e+01
z[291][1], 3.597400e+01
z[292][1], 3.597400e+01
z[293][1], 3.597400e+01
z[294][1], 3.597400e+01
z[295][1], 3.597400e+01
z[296][1], 3.597400e+01
z[297][1], 3.597400e+01
z[298][1], 3.655400e+01
z[299][1], 3.655400e+01
z[300][1], 3.713400e+01
z[301][1], 3.713400e+01
z[302][1], 3.771100e+01
z[303][1], 3.771100e+01
z[304][1], 3.829100e+01
z[305][1], 3.887100e+01
z[306][1], 3.945100e+01
z[307][1], 3.945100e+01
z[308][1], 4.003100e+01
z[309][1], 4.061100e+01
z[310][1], 4.119100e+01
z[311][1], 4.119100e+01
z[312][1], 4.177100e+01
z[313][1], 4.235100e+01
z[314][1], 4.293100e+01
z[315][1], 4.293100e+01
z[316][1], 4.351100e+01
z[317][1], 4.409100e+01
z[318][1], 4.467100e+01
z[319][1], 4.525100e+01
z[320][1], 4.583100e+01
z[321][1], 4.583100e+01
z[322][1], 4.641100e+01
z[323][1], 4.699100e+01
z[324][1], 4.757100e+01
z[325][1], 4.815100e+01
z[326][1], 4.873100e+01
z[327][1], 4.931100e+01
z[328][1], 4.989100e+01
z[329][1], 4.989100e+01
z[330][1], 4.989100e+01
z[331][1], 5.105100e+01
z[332][1], 5.105100e+01
z[333][1], 5.163100e+01
z[334][1], 5.221100e+01
z[335][1], 5.279100e+01
z[336][1], 5.337100e+01
z[337][1], 5.395100e+01
z[338][1], 5.453100e+01
z[339][1], 5.511100e+01
z[340][1], 5.569100e+01
z[341][1], 5.627100e+01
z[342][1], 5.685100e+01
z[343][1], 5.743100e+01
z[344][1], 5.801100e+01
z[345][1], 5.859100e+01
z[346][1], 5.917100e+01
z[347][1], 5.975100e+01
z[348][1], 6.033100e+01
z[349][1], 6.033100e+01
z[350][1], 6.149100e+01
z[351][1], 6.149100e+01
z[352][1], 6.207100e+01
z[353][1], 6.265100e+01
z[354][1], 6.323100e+01
z[355][1], 6.381100e+01
z[356][1], 6.439100e+01
z[357][1], 6.439100e+01
z[358][1], 6.497100e+01
z[359][1], 6.555100e+01
z[360][1], 6.613100e+01
z[361][1], 6.671100e+01
z[362][1], 6.671100e+01
z[363][1], 6.729100e+01
z[364][1], 6.787100e+01
z[365][1], 6.787100e+01
z[366][1], 6.845100e+01
z[367][1], 6.903100e+01
z[368][1], 6.961100e+01
z[369][1], 6.961100e+01
z[370][1], 7.019100e+01
z[371][1], 7.077100e+01
z[372][1], 7.135100e+01
z[373][1], 7.135100e+01
z[374][1], 7.193100e+01
z[375][1], 7.251100e+01
z[376][1], 7.251100e+01
z[377][1], 7.309100e+01
z[378][1], 7.367100e+01
z[379][1], 7.367100e+01
z[380][1], 7.425100e+01
z[381][1], 7.425100e+01
z[382][1], 7.483100e+01
z[383][1], 7.483100e+01
z[384][1], 7.541100e+01
z[385][1], 7.541100e+01
z[386][1], 7.541100e+01
z[387][1], 7.541100e+01
z[388][1], 7.599100e+01
z[389][1], 7.599100e+01
z[390][1], 7.599100e+01
z[391][1], 7.599100e+01
z[392][1], 7.541100e+01
z[393][1], 7.541100e+01
z[394][1], 7.541100e+01
z[395][1], 7.483100e+01
z[396][1], 7.483100e+01
z[397][1], 7.483100e+01
z[398][1], 7.425100e+01
z[399][1], 7.425100e+01
z[400][1], 7.367100e+01
z[401][1], 7.367100e+01
z[402][1], 7.309100e+01
z[403][1], 7.309100e+01
z[404][1], 7.251100e+01
z[405][1], 7.193100e+01
z[406][1], 7.135100e+01
z[407][1], 7.135100e+01
z[408][1], 7.077100e+01
z[409][1], 7.077100e+01
z[410][1], 7.019100e+01
z[411][1], 6.961100e+01
z[412][1], 6.961100e+01
z[413][1], 6.903100e+01
z[414][1], 6.845100e+01
z[415][1], 6.787100e+01
z[416][1], 6.729100e+01
z[417][1], 6.729100e+01
z[418][1], 6.671100e+01
z[419][1], 6.613100e+01
z[420][1], 6.555100e+01
z[421][1], 6.497100e+01
z[422][1], 6.497100e+01
z[423][1], 6.439100e+01
z[424][1], 6.381100e+01
z[425][1], 6.381100e+01
z[426][1], 6.323100e+01
z[427][1], 6.265100e+01
z[428][1], 6.207100e+01
z[429][1], 6.207100e+01
z[430][1], 6.149100e+01
z[431][1], 6.091100e+01
z[432][1], 6.091100e+01
z[433][1], 6.033100e+01
z[434][1], 5.975100e+01
z[435][1], 5.917100e+01
z[436][1], 5.917100e+01
z[437][1], 5.859100e+01
z[438][1], 5.801100e+01
z[439][1], 5.743100e+01
z[440][1], 5.743100e+01
z[441][1], 5.685100e+01
z[442][1], 5.627100e+01
z[443][1], 5.627100e+01
z[444][1], 5.569100e+01
z[445][1], 5.511100e+01
z[446][1], 5.511100e+01
z[447][1], 5.453100e+01
z[448][1], 5.395100e+01
z[449][1], 5.395100e+01
z[450][1], 5.337100e+01
z[451][1], 5.337100e+01
z[452][1], 5.279100e+01
z[453][1], 5.221100e+01
z[454][1], 5.221100e+01
z[455][1], 5.163100e+01
z[456][1], 5.105100e+01
z[457][1], 5.105100e+01
z[458][1], 5.047100e+01
z[459][1], 4.989100e+01
z[460][1], 4.989100e+01
z[461][1], 4.989100e+01
z[462][1], 4.931100e+01
z[463][1], 4.873100e+01
z[464][1], 4.873100e+01
z[465][1], 4.815100e+01
z[466][1], 4.815100e+01
z[467][1], 4.757100e+01
z[468][1], 4.699100e+01
z[469][1], 4.699100e+01
z[470][1], 4.641100e+01
z[471][1], 4.641100e+01
z[472][1], 4.583100e+01
z[473][1], 4.583100e+01
z[474][1], 4.525100e+01
z[475][1], 4.525100e+01
z[476][1], 4.466100e+01
z[477][1], 4.466100e+01
z[478][1], 4.408100e+01
z[479][1], 4.408100e+01
z[480][1], 4.350100e+01
z[481][1], 4.350100e+01
z[482][1], 4.292100e+01
z[483][1], 4.292100e+01
z[484][1], 4.292100e+01
z[485][1], 4.234100e+01
z[486][1], 4.234100e+01
z[487][1], 4.176100e+01
z[488][1], 4.176100e+01
z[489][1], 4.118100e+01
z[490][1], 4.118100e+01
z[491][1], 4.060100e+01
z[492][1], 4.060100e+01
z[493][1], 4.002100e+01
z[494][1], 4.002100e+01
z[495][1], 3.944100e+01
z[496][1], 3.944100e+01
z[497][1], 3.944100e+01
z[1][2], 0.000000e+00
z[2][2], 5.800000e-01
z[3][2], 1.161000e+00
z[4][2], 5.800000e-01
z[5][2], 5.800000e-01
z[6][2], 5.800000e-01
z[7][2], 5.800000e-01
z[8][2], 5.800000e-01
z[9][2], 5.800000e-01
z[10][2], 5.800000e-01
z[11][2], 5.800000e-01
z[12][2], 5.800000e-01
z[13][2], 5.800000e-01
z[14][2], 5.800000e-01
z[15][2], 5.800000e-01
z[16][2], 5.800000e-01
z[17][2], 5.800000e-01
z[18][2], 5.800000e-01
z[19][2], 5.800000e-01
z[20][2], 5.800000e-01
z[21][2], 5.800000e-01
z[22][2], 5.800000e-01
z[23][2], 5.800000e-01
z[24][2], 5.800000e-01
z[25][2], 5.800000e-01
z[26][2], 5.800000e-01
z[27][2], 5.800000e-01
z[28][2], 5.800000e-01
z[29][2], 5.800000e-01
z[30][2], 5.800000e-01
z[31][2], 5.800000e-01
z[32][2], 5.800000e-01
z[33][2], 5.800000e-01
z[34][2], 5.800000e-01
z[35][2], 0.000000e+00
z[36][2], 5.800000e-01
z[37][2], 5.800000e-01
z[38][2], 5.800000e-01
z[39][2], 5.800000e-01
z[40][2], 5.800000e-01
z[41][2], 5.800000e-01
z[42][2], 5.800000e-01
z[43][2], 5.800000e-01
z[44][2], 1.161000e+00
z[45][2], 5.800000e-01
z[46][2], 1.161000e+00
z[47][2], 1.161000e+00
z[48][2], 1.161000e+00
z[49][2], 5.800000e-01
z[50][2], 1.161000e+00
z[51][2], 1.161000e+00
z[52][2], 1.161000e+00
z[53][2], 1.161000e+00
z[54][2], 1.161000e+00
z[55][2], 1.161000e+00
z[56][2], 1.161000e+00
z[57][2], 1.161000e+00
z[58][2], 1.161000e+00
z[59][2], 5.800000e-01
z[60][2], 1.161000e+00
z[61][2], 1.161000e+00
z[62][2], 1.161000e+00
z[63][2], 1.161000e+00
z[64][2], 1.161000e+00
z[65][2], 1.161000e+00
z[66][2], 1.161000e+00
z[67][2], 1.161000e+00
z[68][2], 1.161000e+00
z[69][2], 1.161000e+00
z[70][2], 1.161000e+00
z[71][2], 1.161000e+00
z[72][2], 1.161000e+00
z[73][2], 1.161000e+00
z[74][2], 1.741000e+00
z[75][2], 1.741000e+00
z[76][2], 1.161000e+00
z[77][2], 1.741000e+00
z[78][2], 1.741000e+00
z[79][2], 1.741000e+00
z[80][2], 1.741000e+00
z[81][2], 1.741000e+00
z[82][2], 1.741000e+00
z[83][2], 1.741000e+00
z[84][2], 1.741000e+00
z[85][2], 1.741000e+00
z[86][2], 1.741000e+00
z[87][2], 1.741000e+00
z[88][2], 1.741000e+00
z[89][2], 1.741000e+00
z[90][2], 1.741000e+00
z[91][2], 1.741000e+00
z[92][2], 1.741000e+00
z[93][2], 2.321000e+00
z[94][2], 2.321000e+00
z[95][2], 2.321000e+00
z[96][2], 2.321000e+00
z[97][2], 2.321000e+00
z[98][2], 2.321000e+00
z[99][2], 2.321000e+00
z[100][2], 2.321000e+00
z[101][2], 2.321000e+00
z[102][2], 2.901000e+00
z[103][2], 2.901000e+00
z[104][2], 2.901000e+00
z[105][2], 3.481000e+00
z[106][2], 3.481000e+00
z[107][2], 4.061000e+00
z[108][2], 4.061000e+00
z[109][2], 4.641000e+00
z[110][2], 5.221000e+00
z[111][2], 5.221000e+00
z[112][2], 6.381000e+00
z[113][2], 6.961000e+00
z[114][2], 7.541000e+00
z[115][2], 7.541000e+00
z[116][2], 8.701000e+00
z[117][2], 9.281000e+00
z[118][2], 9.281000e+00
z[119][2], 9.861000e+00
z[120][2], 1.044100e+01
z[121][2], 1.102100e+01
z[122][2], 1.102100e+01
z[123][2], 1.160100e+01
z[124][2], 1.218100e+01
z[125][2], 1.276100e+01
z[126][2], 1.392100e+01
z[127][2], 1.450100e+01
z[128][2], 1.508100e+01
z[129][2], 1.624100e+01
z[130][2], 1.682100e+01
z[131][2], 1.740100e+01
z[132][2], 1.857100e+01
z[133][2], 1.915100e+01
z[134][2], 1.973100e+01
z[135][2], 2.031100e+01
z[136][2], 2.089100e+01
z[137][2], 2.147100e+01
z[138][2], 2.205100e+01
z[139][2], 2.263100e+01
z[140][2], 2.321100e+01
z[141][2], 2.379100e+01
z[142][2], 2.495100e+01
z[143][2], 2.553100e+01
z[144][2], 2.611100e+01
z[145][2], 2.669100e+01
z[146][2], 2.727100e+01
z[147][2], 2.785100e+01
z[148][2], 2.843100e+01
z[149][2], 2.901100e+01
z[150][2], 2.959100e+01
z[151][2], 2.959100e+01
z[152][2], 3.075100e+01
z[153][2], 3.133100e+01
z[154][2], 3.133100e+01
z[155][2], 3.191100e+01
z[156][2], 3.249100e+01
z[157][2], 3.307100e+01
z[158][2], 3.365100e+01
z[159][2], 3.365100e+01
z[160][2], 3.423100e+01
z[161][2], 3.481100e+01
z[162][2], 3.481100e+01
z[163][2], 3.539200e+01
z[164][2], 3.539200e+01
z[165][2], 3.597100e+01
z[166][2], 3.597100e+01
z[167][2], 3.597100e+01
z[168][2], 3.597100e+01
z[169][2], 3.597100e+01
z[170][2], 3.655100e+01
z[171][2], 3.655100e+01
z[172][2], 3.655100e+01
z[173][2], 3.655100e+01
z[174][2], 3.655100e+01
z[175][2], 3.713100e+01
z[176][2], 3.713100e+01
z[177][2], 3.713100e+01
z[178][2], 3.713100e+01
z[179][2], 3.713100e+01
z[180][2], 3.713100e+01
z[181][2], 3.713100e+01
z[182][2], 3.713100e+01
z[183][2], 3.713100e+01
z[184][2], 3.713100e+01
z[185][2], 3.713100e+01
z[186][2], 3.713100e+01
z[187][2], 3.713100e+01
z[188][2], 3.713100e+01
z[189][2], 3.713100e+01
z[190][2], 3.713100e+01
z[191][2], 3.713100e+01
z[192][2], 3.713100e+01
z[193][2], 3.713100e+01
z[194][2], 3.713100e+01
z[195][2], 3.655100e+01
z[196][2], 3.713100e+01
z[197][2], 3.655100e+01
z[198][2], 3.655100e+01
z[199][2], 3.655100e+01
z[200][2], 3.655100e+01
z[201][2], 3.655100e+01
z[202][2], 3.655100e+01
z[203][2], 3.655100e+01
z[204][2], 3.655100e+01
z[205][2], 3.655100e+01
z[206][2], 3.655100e+01
z[207][2], 3.655100e+01
z[208][2], 3.597100e+01
z[209][2], 3.597100e+01
z[210][2], 3.597100e+01
z[211][2], 3.597100e+01
z[212][2], 3.597100e+01
z[213][2], 3.597100e+01
z[214][2], 3.597100e+01
z[215][2], 3.539200e+01
z[216][2], 3.597100e+01
z[217][2], 3.597100e+01
z[218][2], 3.539200e+01
z[219][2], 3.539200e+01
z[220][2], 3.539200e+01
z[221][2], 3.539200e+01
z[222][2], 3.481100e+01
z[223][2], 3.539200e+01
z[224][2], 3.481100e+01
z[225][2], 3.481100e+01
z[226][2], 3.481100e+01
z[227][2], 3.481100e+01
z[228][2], 3.481100e+01
z[229][2], 3.481100e+01
z[230][2], 3.423100e+01
z[231][2], 3.423100e+01
z[232][2], 3.423100e+01
z[233][2], 3.423100e+01
z[234][2], 3.423100e+01
z[235][2], 3.423100e+01
z[236][2], 3.365100e+01
z[237][2], 3.365100e+01
z[238][2], 3.365100e+01
z[239][2], 3.365100e+01
z[240][2], 3.365100e+01
z[241][2], 3.365100e+01
z[242][2], 3.365100e+01
z[243][2], 3.365100e+01
z[244][2], 3.307100e+01
z[245][2], 3.307100e+01
z[246][2], 3.307100e+01
z[247][2], 3.307100e+01
z[248][2], 3.307100e+01
z[249][2], 3.307100e+01
z[250][2], 3.307100e+01
z[251][2], 3.307100e+01
z[252][2], 3.307100e+01
z[253][2], 3.365100e+01
z[254][2], 3.365100e+01
z[255][2], 3.365100e+01
z[256][2], 3.423100e+01
z[257][2], 3.423100e+01
z[258][2], 3.481100e+01
z[259][2], 3.539100e+01
z[260][2], 3.539100e+01
z[261][2], 3.597100e+01
z[262][2], 3.655100e+01
z[263][2], 3.713100e+01
z[264][2], 3.771100e+01
z[265][2], 3.829100e+01
z[266][2], 3.887100e+01
z[267][2], 3.945100e+01
z[268][2], 4.003100e+01
z[269][2], 4.061100e+01
z[270][2], 4.119100e+01
z[271][2], 4.177100e+01
z[272][2], 4.235100e+01
z[273][2], 4.293100e+01
z[274][2], 4.351100e+01
z[275][2], 4.351100e+01
z[276][2], 4.467100e+01
z[277][2], 4.583100e+01
z[278][2], 4.699100e+01
z[279][2], 4.873100e+01
z[280][2], 4.873100e+01
z[281][2], 4.931100e+01
z[282][2], 4.989100e+01
z[283][2], 5.047100e+01
z[284][2], 5.105100e+01
z[285][2], 5.105100e+01
z[286][2], 5.163100e+01
z[287][2], 5.221100e+01
z[288][2], 5.221100e+01
z[289][2], 5.279100e+01
z[290][2], 5.337100e+01
z[291][2], 5.395100e+01
z[292][2], 5.395100e+01
z[293][2], 5.395100e+01
z[294][2], 5.453100e+01
z[295][2], 5.511100e+01
z[296][2], 5.569100e+01
z[297][2], 5.511100e+01
z[298][2], 5.569100e+01
z[299][2], 5.627100e+01
z[300][2], 5.685100e+01
z[301][2], 5.743100e+01
z[302][2], 5.569100e+01
z[303][2], 5.685100e+01
z[304][2], 5.859100e+01
z[305][2], 5.859100e+01
z[306][2], 5.917100e+01
z[307][2], 5.917100e+01
z[308][2], 6.033100e+01
z[309][2], 5.975100e+01
z[310][2], 5.975100e+01
z[311][2], 6.033100e+01
z[312][2], 6.033100e+01
z[313][2], 6.091100e+01
z[314][2], 6.149100e+01
z[315][2], 6.207100e+01
z[316][2], 6.265100e+01
z[317][2], 6.207100e+01
z[318][2], 6.265100e+01
z[319][2], 6.265100e+01
z[320][2], 6.323100e+01
z[321][2], 6.381100e+01
z[322][2], 6.439100e+01
z[323][2], 6.497100e+01
z[324][2], 6.555100e+01
z[325][2], 6.613100e+01
z[326][2], 6.671100e+01
z[327][2], 6.671100e+01
z[328][2], 6.671100e+01
z[329][2], 6.671100e+01
z[330][2], 6.729100e+01
z[331][2], 6.787100e+01
z[332][2], 6.787100e+01
z[333][2], 6.845100e+01
z[334][2], 6.845100e+01
z[335][2], 6.903100e+01
z[336][2], 6.903100e+01
z[337][2], 6.903100e+01
z[338][2], 6.903100e+01
z[339][2], 6.903100e+01
z[340][2], 6.961100e+01
z[341][2], 6.961100e+01
z[342][2], 6.961100e+01
z[343][2], 6.961100e+01
z[344][2], 6.961100e+01
z[345][2], 6.961100e+01
z[346][2], 6.961100e+01
z[347][2], 6.961100e+01
z[348][2], 6.903100e+01
z[349][2], 6.903100e+01
z[350][2], 6.903100e+01
z[351][2], 6.845100e+01
z[352][2], 6.845100e+01
z[353][2], 6.845100e+01
z[354][2], 6.845100e+01
z[355][2], 6.845100e+01
z[356][2], 6.787100e+01
z[357][2], 6.787100e+01
z[358][2], 6.729100e+01
z[359][2], 6.729100e+01
z[360][2], 6.729100e+01
z[361][2], 6.671100e+01
z[362][2], 6.671100e+01
z[363][2], 6.671100e+01
z[364][2], 6.671100e+01
z[365][2], 6.613100e+01
z[366][2], 6.613100e+01
z[367][2], 6.613100e+01
z[368][2], 6.555100e+01
z[369][2], 6.555100e+01
z[370][2], 6.497100e+01
z[371][2], 6.497100e+01
z[372][2], 6.497100e+01
z[373][2], 6.439100e+01
z[374][2], 6.439100e+01
z[375][2], 6.381100e+01
z[376][2], 6.381100e+01
z[377][2], 6.381100e+01
z[378][2], 6.323100e+01
z[379][2], 6.323100e+01
z[380][2], 6.265100e+01
z[381][2], 6.265100e+01
z[382][2], 6.265100e+01
z[383][2], 6.265100e+01
z[384][2], 6.207100e+01
z[385][2], 6.207100e+01
z[386][2], 6.207100e+01
z[387][2], 6.149100e+01
z[388][2], 6.149100e+01
z[389][2], 6.149100e+01
z[390][2], 6.091100e+01
z[391][2], 6.091100e+01
z[392][2], 6.091100e+01
z[393][2], 6.033100e+01
z[394][2], 6.033100e+01
z[395][2], 6.033100e+01
z[396][2], 5.975100e+01
z[397][2], 5.975100e+01
z[398][2], 5.975100e+01
z[399][2], 5.917100e+01
z[400][2], 5.917100e+01
z[401][2], 5.917100e+01
z[402][2], 5.859100e+01
z[403][2], 5.859100e+01
z[404][2], 5.859100e+01
z[405][2], 5.801100e+01
z[406][2], 5.801100e+01
z[407][2], 5.801100e+01
z[408][2], 5.743100e+01
z[409][2], 5.743100e+01
z[410][2], 5.743100e+01
z[411][2], 5.685100e+01
z[412][2], 5.685100e+01
z[413][2], 5.685100e+01
z[414][2], 5.627100e+01
z[415][2], 5.627100e+01
z[416][2], 5.627100e+01
z[417][2], 5.569100e+01
z[418][2], 5.569100e+01
z[419][2], 5.569100e+01
z[420][2], 5.511100e+01
z[421][2], 5.511100e+01
z[422][2], 5.511100e+01
z[423][2], 5.453100e+01
z[424][2], 5.453100e+01
z[425][2], 5.453100e+01
z[426][2], 5.395100e+01
z[427][2], 5.395100e+01
z[428][2], 5.395100e+01
z[429][2], 5.395100e+01
z[430][2], 5.337100e+01
z[431][2], 5.337100e+01
z[432][2], 5.337100e+01
z[433][2], 5.279100e+01
z[434][2], 5.279100e+01
z[435][2], 5.279100e+01
z[436][2], 5.279100e+01
z[437][2], 5.221100e+01
z[438][2], 5.221100e+01
z[439][2], 5.221100e+01
z[440][2], 5.163100e+01
z[441][2], 5.163100e+01
z[442][2], 5.163100e+01
z[443][2], 5.105100e+01
z[444][2], 5.105100e+01
z[445][2], 5.105100e+01
z[446][2], 5.047100e+01
z[447][2], 5.047100e+01
z[448][2], 5.047100e+01
z[449][2], 4.989100e+01
z[450][2], 4.989100e+01
z[451][2], 4.989100e+01
z[452][2], 4.931100e+01
z[453][2], 4.931100e+01
z[454][2], 4.873100e+01
z[455][2], 4.873100e+01
z[456][2], 4.873100e+01
z[457][2], 4.873100e+01
z[458][2], 4.815100e+01
z[459][2], 4.815100e+01
z[460][2], 4.815100e+01
z[461][2], 4.815100e+01
z[462][2], 4.757100e+01
z[463][2], 4.757100e+01
z[464][2], 4.757100e+01
z[465][2], 4.757100e+01
z[466][2], 4.699100e+01
z[467][2], 4.699100e+01
z[468][2], 4.699100e+01
z[469][2], 4.641100e+01
z[470][2], 4.641100e+01
z[471][2], 4.641100e+01
z[472][2], 4.583100e+01
z[473][2], 4.583100e+01
z[474][2], 4.583100e+01
z[475][2], 4.583100e+01
z[476][2], 4.525100e+01
z[477][2], 4.525100e+01
z[478][2], 4.525100e+01
z[479][2], 4.525100e+01
z[480][2], 4.525100e+01
z[481][2], 4.467100e+01
z[482][2], 4.467100e+01
z[483][2], 4.467100e+01
z[484][2], 4.467100e+01
z[485][2], 4.409100e+01
z[486][2], 4.409100e+01
z[487][2], 4.409100e+01
z[488][2], 4.351100e+01
z[489][2], 4.351100e+01
z[490][2], 4.351100e+01
z[491][2], 4.351100e+01
z[492][2], 4.351100e+01
z[493][2], 4.293100e+01
z[494][2], 4.293100e+01
z[495][2], 4.293100e+01
z[496][2], 4.293100e+01
z[497][2], 4.235100e+01
y[1][1], 0.000000e+00
y[2][1], 0.000000e+00
y[3][1], 0.000000e+00
y[4][1], 0.000000e+00
y[5][1], 0.000000e+00
y[6][1], 0.000000e+00
y[7][1], 0.000000e+00
y[8][1], 0.000000e+00
y[9][1], 0.000000e+00
y[10][1], 0.000000e+00
y[11][1], 0.000000e+00
y[12][1], 0.000000e+00
y[13][1], 0.000000e+00
y[14][1], 0.000000e+00
y[15][1], 0.000000e+00
y[16][1], 0.000000e+00
y[17][1], 0.000000e+00
y[18][1], 0.000000e+00
y[19][1], 0.000000e+00
y[20][1], 0.000000e+00
y[21][1], 0.000000e+00
y[22][1], 0.000000e+00
y[23][1], 0.000000e+00
y[24][1], 0.000000e+00
y[25][1], 0.000000e+00
y[26][1], 0.000000e+00
y[27][1], 0.000000e+00
y[28][1], 0.000000e+00
y[29][1], 0.000000e+00
y[30][1], 5.800000e-01
y[31][1], 0.000000e+00
y[32][1], 5.800000e-01
y[33][1], 5.800000e-01
y[34][1], 5.800000e-01
y[35][1], 1.160000e+00
y[36][1], 1.160000e+00
y[37][1], 1.160000e+00
y[38][1], 1.160000e+00
y[39][1], 1.740000e+00
y[40][1], 1.740000e+00
y[41][1], 1.740000e+00
y[42][1], 2.320000e+00
y[43][1], 2.320000e+00
y[44][1], 2.900000e+00
y[45][1], 2.900000e+00
y[46][1], 2.900000e+00
y[47][1], 3.480000e+00
y[48][1], 3.480000e+00
y[49][1], 4.060000e+00
y[50][1], 4.060000e+00
y[51][1], 4.060000e+00
y[52][1], 4.640000e+00
y[53][1], 4.640000e+00
y[54][1], 5.220000e+00
y[55][1], 5.220000e+00
y[56][1], 5.220000e+00
y[57][1], 5.800000e+00
y[58][1], 5.800000e+00
y[59][1], 6.381000e+00
y[60][1], 6.381000e+00
y[61][1], 6.961000e+00
y[62][1], 6.961000e+00
y[63][1], 6.961000e+00
y[64][1], 7.541000e+00
y[65][1], 7.541000e+00
y[66][1], 8.121000e+00
y[67][1], 8.121000e+00
y[68][1], 8.701000e+00
y[69][1], 8.701000e+00
y[70][1], 9.281000e+00
y[71][1], 9.281000e+00
y[72][1], 9.281000e+00
y[73][1], 9.861000e+00
y[74][1], 9.861000e+00
y[75][1], 1.044100e+01
y[76][1], 1.044100e+01
y[77][1], 1.044100e+01
y[78][1], 1.102100e+01
y[79][1], 1.102100e+01
y[80][1], 1.160100e+01
y[81][1], 1.160100e+01
y[82][1], 1.160100e+01
y[83][1], 1.218100e+01
y[84][1], 1.218100e+01
y[85][1], 1.276100e+01
y[86][1], 1.334100e+01
y[87][1], 1.334100e+01
y[88][1], 1.392200e+01
y[89][1], 1.450200e+01
y[90][1], 1.450200e+01
y[91][1], 1.508200e+01
y[92][1], 1.566200e+01
y[93][1], 1.624200e+01
y[94][1], 1.682200e+01
y[95][1], 1.682200e+01
y[96][1], 1.740200e+01
y[97][1], 1.798200e+01
y[98][1], 1.856200e+01
y[99][1], 1.914200e+01
y[100][1], 1.972200e+01
y[101][1], 1.972200e+01
y[102][1], 2.030200e+01
y[103][1], 2.030200e+01
y[104][1], 2.088200e+01
y[105][1], 2.146200e+01
y[106][1], 2.204200e+01
y[107][1], 2.204200e+01
y[108][1], 2.262200e+01
y[109][1], 2.320200e+01
y[110][1], 2.378200e+01
y[111][1], 2.436200e+01
y[112][1], 2.494200e+01
y[113][1], 2.552200e+01
y[114][1], 2.610200e+01
y[115][1], 2.668300e+01
y[116][1], 2.668300e+01
y[117][1], 2.726300e+01
y[118][1], 2.784300e+01
y[119][1], 2.842300e+01
y[120][1], 2.900300e+01
y[121][1], 2.958300e+01
y[122][1], 3.016300e+01
y[123][1], 3.074300e+01
y[124][1], 3.132300e+01
y[125][1], 3.132300e+01
y[126][1], 3.190300e+01
y[127][1], 3.248300e+01
y[128][1], 3.306300e+01
y[129][1], 3.364400e+01
y[130][1], 3.422400e+01
y[131][1], 3.422400e+01
y[132][1], 3.480400e+01
y[133][1], 3.538400e+01
y[134][1], 3.596400e+01
y[135][1], 3.654400e+01
y[136][1], 3.654400e+01
y[137][1], 3.712100e+01
y[138][1], 3.770100e+01
y[139][1], 3.828100e+01
y[140][1], 3.886100e+01
y[141][1], 3.886100e+01
y[142][1], 3.944100e+01
y[143][1], 4.002100e+01
y[144][1], 4.060100e+01
y[145][1], 4.060100e+01
y[146][1], 4.118100e+01
y[147][1], 4.176100e+01
y[148][1], 4.234100e+01
y[149][1], 4.234100e+01
y[150][1], 4.292100e+01
y[151][1], 4.292100e+01
y[152][1], 4.350100e+01
y[153][1], 4.408100e+01
y[154][1], 4.408100e+01
y[155][1], 4.466100e+01
y[156][1], 4.525100e+01
y[157][1], 4.583100e+01
y[158][1], 4.583100e+01
y[159][1], 4.641100e+01
y[160][1], 4.699100e+01
y[161][1], 4.757100e+01
y[162][1], 4.757100e+01
y[163][1], 4.815100e+01
y[164][1], 4.873100e+01
y[165][1], 4.931100e+01
y[166][1], 4.931100e+01
y[167][1], 4.989100e+01
y[168][1], 5.047100e+01
y[169][1], 5.105100e+01
y[170][1], 5.105100e+01
y[171][1], 5.163100e+01
y[172][1], 5.221100e+01
y[173][1], 5.279100e+01
y[174][1], 5.279100e+01
y[175][1], 5.337100e+01
y[176][1], 5.395100e+01
y[177][1], 5.453100e+01
y[178][1], 5.453100e+01
y[179][1], 5.511100e+01
y[180][1], 5.569100e+01
y[181][1], 5.627100e+01
y[182][1], 5.627100e+01
y[183][1], 5.685100e+01
y[184][1], 5.685100e+01
y[185][1], 5.743100e+01
y[186][1], 5.801100e+01
y[187][1], 5.801100e+01
y[188][1], 5.859100e+01
y[189][1], 5.859100e+01
y[190][1], 5.917100e+01
y[191][1], 5.917100e+01
y[192][1], 5.917100e+01
y[193][1], 5.917100e+01
y[194][1], 5.917100e+01
y[195][1], 5.917100e+01
y[196][1], 5.917100e+01
y[197][1], 5.917100e+01
y[198][1], 5.917100e+01
y[199][1], 5.917100e+01
y[200][1], 5.859100e+01
y[201][1], 5.859100e+01
y[202][1], 5.859100e+01
y[203][1], 5.801100e+01
y[204][1], 5.801100e+01
y[205][1], 5.801100e+01
y[206][1], 5.743100e+01
y[207][1], 5.743100e+01
y[208][1], 5.743100e+01
y[209][1], 5.685100e+01
y[210][1], 5.685100e+01
y[211][1], 5.627100e+01
y[212][1], 5.627100e+01
y[213][1], 5.569100e+01
y[214][1], 5.569100e+01
y[215][1], 5.511100e+01
y[216][1], 5.511100e+01
y[217][1], 5.511100e+01
y[218][1], 5.453100e+01
y[219][1], 5.395100e+01
y[220][1], 5.395100e+01
y[221][1], 5.395100e+01
y[222][1], 5.337100e+01
y[223][1], 5.279100e+01
y[224][1], 5.279100e+01
y[225][1], 5.221100e+01
y[226][1], 5.221100e+01
y[227][1], 5.163100e+01
y[228][1], 5.163100e+01
y[229][1], 5.105100e+01
y[230][1], 5.105100e+01
y[231][1], 5.047100e+01
y[232][1], 5.047100e+01
y[233][1], 4.989100e+01
y[234][1], 4.931100e+01
y[235][1], 4.931100e+01
y[236][1], 4.873100e+01
y[237][1], 4.873100e+01
y[238][1], 4.815100e+01
y[239][1], 4.757100e+01
y[240][1], 4.757100e+01
y[241][1], 4.757100e+01
y[242][1], 4.699100e+01
y[243][1], 4.641100e+01
y[244][1], 4.641100e+01
y[245][1], 4.583100e+01
y[246][1], 4.583100e+01
y[247][1], 4.525100e+01
y[248][1], 4.525100e+01
y[249][1], 4.525100e+01
y[250][1], 4.525100e+01
y[251][1], 4.525100e+01
y[252][1], 4.467100e+01
y[253][1], 4.409100e+01
y[254][1], 4.409100e+01
y[255][1], 4.351100e+01
y[256][1], 4.351100e+01
y[257][1], 4.293100e+01
y[258][1], 4.293100e+01
y[259][1], 4.293100e+01
y[260][1], 4.235100e+01
y[261][1], 4.235100e+01
y[262][1], 4.177100e+01
y[263][1], 4.177100e+01
y[264][1], 4.119100e+01
y[265][1], 4.119100e+01
y[266][1], 4.061100e+01
y[267][1], 4.061100e+01
y[268][1], 4.061100e+01
y[269][1], 4.003100e+01
y[270][1], 4.003100e+01
y[271][1], 3.945100e+01
y[272][1], 3.945100e+01
y[273][1], 3.887100e+01
y[274][1], 3.887100e+01
y[275][1], 3.887100e+01
y[276][1], 3.829100e+01
y[277][1], 3.829100e+01
y[278][1], 3.829100e+01
y[279][1], 3.829100e+01
y[280][1], 3.771100e+01
y[281][1], 3.771100e+01
y[282][1], 3.713400e+01
y[283][1], 3.713400e+01
y[284][1], 3.713400e+01
y[285][1], 3.655400e+01
y[286][1], 3.655400e+01
y[287][1], 3.655400e+01
y[288][1], 3.655400e+01
y[289][1], 3.655400e+01
y[290][1], 3.597400e+01
y[291][1], 3.597400e+01
y[292][1], 3.597400e+01
y[293][1], 3.597400e+01
y[294][1], 3.597400e+01
y[295][1], 3.597400e+01
y[296][1], 3.597400e+01
y[297][1], 3.597400e+01
y[298][1], 3.655400e+01
y[299][1], 3.655400e+01
y[300][1], 3.713400e+01
y[301][1], 3.713400e+01
y[302][1], 3.771100e+01
y[303][1], 3.771100e+01
y[304][1], 3.829100e+01
y[305][1], 3.887100e+01
y[306][1], 3.945100e+01
y[307][1], 3.945100e+01
y[308][1], 4.003100e+01
y[309][1], 4.061100e+01
y[310][1], 4.119100e+01
y[311][1], 4.119100e+01
y[312][1], 4.177100e+01
y[313][1], 4.235100e+01
y[314][1], 4.293100e+01
y[315][1], 4.293100e+01
y[316][1], 4.351100e+01
y[317][1], 4.409100e+01
y[318][1], 4.467100e+01
y[319][1], 4.525100e+01
y[320][1], 4.583100e+01
y[321][1], 4.583100e+01
y[322][1], 4.641100e+01
y[323][1], 4.699100e+01
y[324][1], 4.757100e+01
y[325][1], 4.815100e+01
y[326][1], 4.873100e+01
y[327][1], 4.931100e+01
y[328][1], 4.989100e+01
y[329][1], 4.989100e+01
y[330][1], 4.989100e+01
y[331][1], 5.105100e+01
y[332][1], 5.105100e+01
y[333][1], 5.163100e+01
y[334][1], 5.221100e+01
y[335][1], 5.279100e+01
y[336][1], 5.337100e+01
y[337][1], 5.395100e+01
y[338][1], 5.453100e+01
y[339][1], 5.511100e+01
y[340][1], 5.569100e+01
y[341][1], 5.627100e+01
y[342][1], 5.685100e+01
y[343][1], 5.743100e+01
y[344][1], 5.801100e+01
y[345][1], 5.859100e+01
y[346][1], 5.917100e+01
y[347][1], 5.975100e+01
y[348][1], 6.033100e+01
y[349][1], 6.033100e+01
y[350][1], 6.149100e+01
y[351][1], 6.149100e+01
y[352][1], 6.207100e+01
y[353][1], 6.265100e+01
y[354][1], 6.323100e+01
y[355][1], 6.381100e+01
y[356][1], 6.439100e+01
y[357][1], 6.439100e+01
y[358][1], 6.497100e+01
y[359][1], 6.555100e+01
y[360][1], 6.613100e+01
y[361][1], 6.671100e+01
y[362][1], 6.671100e+01
y[363][1], 6.729100e+01
y[364][1], 6.787100e+01
y[365][1], 6.787100e+01
y[366][1], 6.845100e+01
y[367][1], 6.903100e+01
y[368][1], 6.961100e+01
y[369][1], 6.961100e+01
y[370][1], 7.019100e+01
y[371][1], 7.077100e+01
y[372][1], 7.135100e+01
y[373][1], 7.135100e+01
y[374][1], 7.193100e+01
y[375][1], 7.251100e+01
y[376][1], 7.251100e+01
y[377][1], 7.309100e+01
y[378][1], 7.367100e+01
y[379][1], 7.367100e+01
y[380][1], 7.425100e+01
y[381][1], 7.425100e+01
y[382][1], 7.483100e+01
y[383][1], 7.483100e+01
y[384][1], 7.541100e+01
y[385][1], 7.541100e+01
y[386][1], 7.541100e+01
y[387][1], 7.541100e+01
y[388][1], 7.599100e+01
y[389][1], 7.599100e+01
y[390][1], 7.599100e+01
y[391][1], 7.599100e+01
y[392][1], 7.541100e+01
y[393][1], 7.541100e+01
y[394][1], 7.541100e+01
y[395][1], 7.483100e+01
y[396][1], 7.483100e+01
y[397][1], 7.483100e+01
y[398][1], 7.425100e+01
y[399][1], 7.425100e+01
y[400][1], 7.367100e+01
y[401][1], 7.367100e+01
y[402][1], 7.309100e+01
y[403][1], 7.309100e+01
y[404][1], 7.251100e+01
y[405][1], 7.193100e+01
y[406][1], 7.135100e+01
y[407][1], 7.135100e+01
y[408][1], 7.077100e+01
y[409][1], 7.077100e+01
y[410][1], 7.019100e+01
y[411][1], 6.961100e+01
y[412][1], 6.961100e+01
y[413][1], 6.903100e+01
y[414][1], 6.845100e+01
y[415][1], 6.787100e+01
y[416][1], 6.729100e+01
y[417][1], 6.729100e+01
y[418][1], 6.671100e+01
y[419][1], 6.613100e+01
y[420][1], 6.555100e+01
y[421][1], 6.497100e+01
y[422][1], 6.497100e+01
y[423][1], 6.439100e+01
y[424][1], 6.381100e+01
y[425][1], 6.381100e+01
y[426][1], 6.323100e+01
y[427][1], 6.265100e+01
y[428][1], 6.207100e+01
y[429][1], 6.207100e+01
y[430][1], 6.149100e+01
y[431][1], 6.091100e+01
y[432][1], 6.091100e+01
y[433][1], 6.033100e+01
y[434][1], 5.975100e+01
y[435][1], 5.917100e+01
y[436][1], 5.917100e+01
y[437][1], 5.859100e+01
y[438][1], 5.801100e+01
y[439][1], 5.743100e+01
y[440][1], 5.743100e+01
y[441][1], 5.685100e+01
y[442][1], 5.627100e+01
y[443][1], 5.627100e+01
y[444][1], 5.569100e+01
y[445][1], 5.511100e+01
y[446][1], 5.511100e+01
y[447][1], 5.453100e+01
y[448][1], 5.395100e+01
y[449][1], 5.395100e+01
y[450][1], 5.337100e+01
y[451][1], 5.337100e+01
y[452][1], 5.279100e+01
y[453][1], 5.221100e+01
y[454][1], 5.221100e+01
y[455][1], 5.163100e+01
y[456][1], 5.105100e+01
y[457][1], 5.105100e+01
y[458][1], 5.047100e+01
y[459][1], 4.989100e+01
y[460][1], 4.989100e+01
y[461][1], 4.989100e+01
y[462][1], 4.931100e+01
y[463][1], 4.873100e+01
y[464][1], 4.873100e+01
y[465][1], 4.815100e+01
y[466][1], 4.815100e+01
y[467][1], 4.757100e+01
y[468][1], 4.699100e+01
y[469][1], 4.699100e+01
y[470][1], 4.641100e+01
y[471][1], 4.641100e+01
y[472][1], 4.583100e+01
y[473][1], 4.583100e+01
y[474][1], 4.525100e+01
y[475][1], 4.525100e+01
y[476][1], 4.466100e+01
y[477][1], 4.466100e+01
y[478][1], 4.408100e+01
y[479][1], 4.408100e+01
y[480][1], 4.350100e+01
y[481][1], 4.350100e+01
y[482][1], 4.292100e+01
y[483][1], 4.292100e+01
y[484][1], 4.292100e+01
y[485][1], 4.234100e+01
y[486][1], 4.234100e+01
y[487][1], 4.176100e+01
y[488][1], 4.176100e+01
y[489][1], 4.118100e+01
y[490][1], 4.118100e+01
y[491][1], 4.060100e+01
y[492][1], 4.060100e+01
y[493][1], 4.002100e+01
y[494][1], 4.002100e+01
y[495][1], 3.944100e+01
y[496][1], 3.944100e+01
y[497][1], 3.944100e+01
y[1][2], 0.000000e+00
y[2][2], 5.800000e-01
y[3][2], 1.161000e+00
y[4][2], 5.800000e-01
y[5][2], 5.800000e-01
y[6][2], 5.800000e-01
y[7][2], 5.800000e-01
y[8][2], 5.800000e-01
y[9][2], 5.800000e-01
y[10][2], 5.800000e-01
y[11][2], 5.800000e-01
y[12][2], 5.800000e-01
y[13][2], 5.800000e-01
y[14][2], 5.800000e-01
y[15][2], 5.800000e-01
y[16][2], 5.800000e-01
y[17][2], 5.800000e-01
y[18][2], 5.800000e-01
y[19][2], 5.800000e-01
y[20][2], 5.800000e-01
y[21][2], 5.800000e-01
y[22][2], 5.800000e-01
y[23][2], 5.800000e-01
y[24][2], 5.800000e-01
y[25][2], 5.800000e-01
y[26][2], 5.800000e-01
y[27][2], 5.800000e-01
y[28][2], 5.800000e-01
y[29][2], 5.800000e-01
y[30][2], 5.800000e-01
y[31][2], 5.800000e-01
y[32][2], 5.800000e-01
y[33][2], 5.800000e-01
y[34][2], 5.800000e-01
y[35][2], 0.000000e+00
y[36][2], 5.800000e-01
y[37][2], 5.800000e-01
y[38][2], 5.800000e-01
y[39][2], 5.800000e-01
y[40][2], 5.800000e-01
y[41][2], 5.800000e-01
y[42][2], 5.800000e-01
y[43][2], 5.800000e-01
y[44][2], 1.161000e+00
y[45][2], 5.800000e-01
y[46][2], 1.161000e+00
y[47][2], 1.161000e+00
y[48][2], 1.161000e+00
y[49][2], 5.800000e-01
y[50][2], 1.161000e+00
y[51][2], 1.161000e+00
y[52][2], 1.161000e+00
y[53][2], 1.161000e+00
y[54][2], 1.161000e+00
y[55][2], 1.161000e+00
y[56][2], 1.161000e+00
y[57][2], 1.161000e+00
y[58][2], 1.161000e+00
y[59][2], 5.800000e-01
y[60][2], 1.161000e+00
y[61][2], 1.161000e+00
y[62][2], 1.161000e+00
y[63][2], 1.161000e+00
y[64][2], 1.161000e+00
y[65][2], 1.161000e+00
y[66][2], 1.161000e+00
y[67][2], 1.161000e+00
y[68][2], 1.161000e+00
y[69][2], 1.161000e+00
y[70][2], 1.161000e+00
y[71][2], 1.161000e+00
y[72][2], 1.161000e+00
y[73][2], 1.161000e+00
y[74][2], 1.741000e+00
y[75][2], 1.741000e+00
y[76][2], 1.161000e+00
y[77][2], 1.741000e+00
y[78][2], 1.741000e+00
y[79][2], 1.741000e+00
y[80][2], 1.741000e+00
y[81][2], 1.741000e+00
y[82][2], 1.741000e+00
y[83][2], 1.741000e+00
y[84][2], 1.741000e+00
y[85][2], 1.741000e+00
y[86][2], 1.741000e+00
y[87][2], 1.741000e+00
y[88][2], 1.741000e+00
y[89][2], 1.741000e+00
y[90][2], 1.741000e+00
y[91][2], 1.741000e+00
y[92][2], 1.741000e+00
y[93][2], 2.321000e+00
y[94][2], 2.321000e+00
y[95][2], 2.321000e+00
y[96][2], 2.321000e+00
y[97][2], 2.321000e+00
y[98][2], 2.321000e+00
y[99][2], 2.321000e+00
y[100][2], 2.321000e+00
y[101][2], 2.321000e+00
y[102][2], 2.901000e+00
y[103][2], 2.901000e+00
y[104][2], 2.901000e+00
y[105][2], 3.481000e+00
y[106][2], 3.481000e+00
y[107][2], 4.061000e+00
y[108][2], 4.061000e+00
y[109][2], 4.641000e+00
y[110][2], 5.221000e+00
y[111][2], 5.221000e+00
y[112][2], 6.381000e+00
y[113][2], 6.961000e+00
y[114][2], 7.541000e+00
y[115][2], 7.541000e+00
y[116][2], 8.701000e+00
y[117][2], 9.281000e+00
y[118][2], 9.281000e+00
y[119][2], 9.861000e+00
y[120][2], 1.044100e+01
y[121][2], 1.102100e+01
y[122][2], 1.102100e+01
y[123][2], 1.160100e+01
y[124][2], 1.218100e+01
y[125][2], 1.276100e+01
y[126][2], 1.392100e+01
y[127][2], 1.450100e+01
y[128][2], 1.508100e+01
y[129][2], 1.624100e+01
y[130][2], 1.682100e+01
y[131][2], 1.740100e+01
y[132][2], 1.857100e+01
y[133][2], 1.915100e+01
y[134][2], 1.973100e+01
y[135][2], 2.031100e+01
y[136][2], 2.089100e+01
y[137][2], 2.147100e+01
y[138][2], 2.205100e+01
y[139][2], 2.263100e+01
y[140][2], 2.321100e+01
y[141][2], 2.379100e+01
y[142][2], 2.495100e+01
y[143][2], 2.553100e+01
y[144][2], 2.611100e+01
y[145][2], 2.669100e+01
y[146][2], 2.727100e+01
y[147][2], 2.785100e+01
y[148][2], 2.843100e+01
y[149][2], 2.901100e+01
y[150][2], 2.959100e+01
y[151][2], 2.959100e+01
y[152][2], 3.075100e+01
y[153][2], 3.133100e+01
y[154][2], 3.133100e+01
y[155][2], 3.191100e+01
y[156][2], 3.249100e+01
y[157][2], 3.307100e+01
y[158][2], 3.365100e+01
y[159][2], 3.365100e+01
y[160][2], 3.423100e+01
y[161][2], 3.481100e+01
y[162][2], 3.481100e+01
y[163][2], 3.539200e+01
y[164][2], 3.539200e+01
y[165][2], 3.597100e+01
y[166][2], 3.597100e+01
y[167][2], 3.597100e+01
y[168][2], 3.597100e+01
y[169][2], 3.597100e+01
y[170][2], 3.655100e+01
y[171][2], 3.655100e+01
y[172][2], 3.655100e+01
y[173][2], 3.655100e+01
y[174][2], 3.655100e+01
y[175][2], 3.713100e+01
y[176][2], 3.713100e+01
y[177][2], 3.713100e+01
y[178][2], 3.713100e+01
y[179][2], 3.713100e+01
y[180][2], 3.713100e+01
y[181][2], 3.713100e+01
y[182][2], 3.713100e+01
y[183][2], 3.713100e+01
y[184][2], 3.713100e+01
y[185][2], 3.713100e+01
y[186][2], 3.713100e+01
y[187][2], 3.713100e+01
y[188][2], 3.713100e+01
y[189][2], 3.713100e+01
y[190][2], 3.713100e+01
y[191][2], 3.713100e+01
y[192][2], 3.713100e+01
y[193][2], 3.713100e+01
y[194][2], 3.713100e+01
y[195][2], 3.655100e+01
y[196][2], 3.713100e+01
y[197][2], 3.655100e+01
y[198][2], 3.655100e+01
y[199][2], 3.655100e+01
y[200][2], 3.655100e+01
y[201][2], 3.655100e+01
y[202][2], 3.655100e+01
y[203][2], 3.655100e+01
y[204][2], 3.655100e+01
y[205][2], 3.655100e+01
y[206][2], 3.655100e+01
y[207][2], 3.655100e+01
y[208][2], 3.597100e+01
y[209][2], 3.597100e+01
y[210][2], 3.597100e+01
y[211][2], 3.597100e+01
y[212][2], 3.597100e+01
y[213][2], 3.597100e+01
y[214][2], 3.597100e+01
y[215][2], 3.539200e+01
y[216][2], 3.597100e+01
y[217][2], 3.597100e+01
y[218][2], 3.539200e+01
y[219][2], 3.539200e+01
y[220][2], 3.539200e+01
y[221][2], 3.539200e+01
y[222][2], 3.481100e+01
y[223][2], 3.539200e+01
y[224][2], 3.481100e+01
y[225][2], 3.481100e+01
y[226][2], 3.481100e+01
y[227][2], 3.481100e+01
y[228][2], 3.481100e+01
y[229][2], 3.481100e+01
y[230][2], 3.423100e+01
y[231][2], 3.423100e+01
y[232][2], 3.423100e+01
y[233][2], 3.423100e+01
y[234][2], 3.423100e+01
y[235][2], 3.423100e+01
y[236][2], 3.365100e+01
y[237][2], 3.365100e+01
y[238][2], 3.365100e+01
y[239][2], 3.365100e+01
y[240][2], 3.365100e+01
y[241][2], 3.365100e+01
y[242][2], 3.365100e+01
y[243][2], 3.365100e+01
y[244][2], 3.307100e+01
y[245][2], 3.307100e+01
y[246][2], 3.307100e+01
y[247][2], 3.307100e+01
y[248][2], 3.307100e+01
y[249][2], 3.307100e+01
y[250][2], 3.307100e+01
y[251][2], 3.307100e+01
y[252][2], 3.307100e+01
y[253][2], 3.365100e+01
y[254][2], 3.365100e+01
y[255][2], 3.365100e+01
y[256][2], 3.423100e+01
y[257][2], 3.423100e+01
y[258][2], 3.481100e+01
y[259][2], 3.539100e+01
y[260][2], 3.539100e+01
y[261][2], 3.597100e+01
y[262][2], 3.655100e+01
y[263][2], 3.713100e+01
y[264][2], 3.771100e+01
y[265][2], 3.829100e+01
y[266][2], 3.887100e+01
y[267][2], 3.945100e+01
y[268][2], 4.003100e+01
y[269][2], 4.061100e+01
y[270][2], 4.119100e+01
y[271][2], 4.177100e+01
y[272][2], 4.235100e+01
y[273][2], 4.293100e+01
y[274][2], 4.351100e+01
y[275][2], 4.351100e+01
y[276][2], 4.467100e+01
y[277][2], 4.583100e+01
y[278][2], 4.699100e+01
y[279][2], 4.873100e+01
y[280][2], 4.873100e+01
y[281][2], 4.931100e+01
y[282][2], 4.989100e+01
y[283][2], 5.047100e+01
y[284][2], 5.105100e+01
y[285][2], 5.105100e+01
y[286][2], 5.163100e+01
y[287][2], 5.221100e+01
y[288][2], 5.221100e+01
y[289][2], 5.279100e+01
y[290][2], 5.337100e+01
y[291][2], 5.395100e+01
y[292][2], 5.395100e+01
y[293][2], 5.395100e+01
y[294][2], 5.453100e+01
y[295][2], 5.511100e+01
y[296][2], 5.569100e+01
y[297][2], 5.511100e+01
y[298][2], 5.569100e+01
y[299][2], 5.627100e+01
y[300][2], 5.685100e+01
y[301][2], 5.743100e+01
y[302][2], 5.569100e+01
y[303][2], 5.685100e+01
y[304][2], 5.859100e+01
y[305][2], 5.859100e+01
y[306][2], 5.917100e+01
y[307][2], 5.917100e+01
y[308][2], 6.033100e+01
y[309][2], 5.975100e+01
y[310][2], 5.975100e+01
y[311][2], 6.033100e+01
y[312][2], 6.033100e+01
y[313][2], 6.091100e+01
y[314][2], 6.149100e+01
y[315][2], 6.207100e+01
y[316][2], 6.265100e+01
y[317][2], 6.207100e+01
y[318][2], 6.265100e+01
y[319][2], 6.265100e+01
y[320][2], 6.323100e+01
y[321][2], 6.381100e+01
y[322][2], 6.439100e+01
y[323][2], 6.497100e+01
y[324][2], 6.555100e+01
y[325][2], 6.613100e+01
y[326][2], 6.671100e+01
y[327][2], 6.671100e+01
y[328][2], 6.671100e+01
y[329][2], 6.671100e+01
y[330][2], 6.729100e+01
y[331][2], 6.787100e+01
y[332][2], 6.787100e+01
y[333][2], 6.845100e+01
y[334][2], 6.845100e+01
y[335][2], 6.903100e+01
y[336][2], 6.903100e+01
y[337][2], 6.903100e+01
y[338][2], 6.903100e+01
y[339][2], 6.903100e+01
y[340][2], 6.961100e+01
y[341][2], 6.961100e+01
y[342][2], 6.961100e+01
y[343][2], 6.961100e+01
y[344][2], 6.961100e+01
y[345][2], 6.961100e+01
y[346][2], 6.961100e+01
y[347][2], 6.961100e+01
y[348][2], 6.903100e+01
y[349][2], 6.903100e+01
y[350][2], 6.903100e+01
y[351][2], 6.845100e+01
y[352][2], 6.845100e+01
y[353][2], 6.845100e+01
y[354][2], 6.845100e+01
y[355][2], 6.845100e+01
y[356][2], 6.787100e+01
y[357][2], 6.787100e+01
y[358][2], 6.729100e+01
y[359][2], 6.729100e+01
y[360][2], 6.729100e+01
y[361][2], 6.671100e+01
y[362][2], 6.671100e+01
y[363][2], 6.671100e+01
y[364][2], 6.671100e+01
y[365][2], 6.613100e+01
y[366][2], 6.613100e+01
y[367][2], 6.613100e+01
y[368][2], 6.555100e+01
y[369][2], 6.555100e+01
y[370][2], 6.497100e+01
y[371][2], 6.497100e+01
y[372][2], 6.497100e+01
y[373][2], 6.439100e+01
y[374][2], 6.439100e+01
y[375][2], 6.381100e+01
y[376][2], 6.381100e+01
y[377][2], 6.381100e+01
y[378][2], 6.323100e+01
y[379][2], 6.323100e+01
y[380][2], 6.265100e+01
y[381][2], 6.265100e+01
y[382][2], 6.265100e+01
y[383][2], 6.265100e+01
y[384][2], 6.207100e+01
y[385][2], 6.207100e+01
y[386][2], 6.207100e+01
y[387][2], 6.149100e+01
y[388][2], 6.149100e+01
y[389][2], 6.149100e+01
y[390][2], 6.091100e+01
y[391][2], 6.091100e+01
y[392][2], 6.091100e+01
y[393][2], 6.033100e+01
y[394][2], 6.033100e+01
y[395][2], 6.033100e+01
y[396][2], 5.975100e+01
y[397][2], 5.975100e+01
y[398][2], 5.975100e+01
y[399][2], 5.917100e+01
y[400][2], 5.917100e+01
y[401][2], 5.917100e+01
y[402][2], 5.859100e+01
y[403][2], 5.859100e+01
y[404][2], 5.859100e+01
y[405][2], 5.801100e+01
y[406][2], 5.801100e+01
y[407][2], 5.801100e+01
y[408][2], 5.743100e+01
y[409][2], 5.743100e+01
y[410][2], 5.743100e+01
y[411][2], 5.685100e+01
y[412][2], 5.685100e+01
y[413][2], 5.685100e+01
y[414][2], 5.627100e+01
y[415][2], 5.627100e+01
y[416][2], 5.627100e+01
y[417][2], 5.569100e+01
y[418][2], 5.569100e+01
y[419][2], 5.569100e+01
y[420][2], 5.511100e+01
y[421][2], 5.511100e+01
y[422][2], 5.511100e+01
y[423][2], 5.453100e+01
y[424][2], 5.453100e+01
y[425][2], 5.453100e+01
y[426][2], 5.395100e+01
y[427][2], 5.395100e+01
y[428][2], 5.395100e+01
y[429][2], 5.395100e+01
y[430][2], 5.337100e+01
y[431][2], 5.337100e+01
y[432][2], 5.337100e+01
y[433][2], 5.279100e+01
y[434][2], 5.279100e+01
y[435][2], 5.279100e+01
y[436][2], 5.279100e+01
y[437][2], 5.221100e+01
y[438][2], 5.221100e+01
y[439][2], 5.221100e+01
y[440][2], 5.163100e+01
y[441][2], 5.163100e+01
y[442][2], 5.163100e+01
y[443][2], 5.105100e+01
y[444][2], 5.105100e+01
y[445][2], 5.105100e+01
y[446][2], 5.047100e+01
y[447][2], 5.047100e+01
y[448][2], 5.047100e+01
y[449][2], 4.989100e+01
y[450][2], 4.989100e+01
y[451][2], 4.989100e+01
y[452][2], 4.931100e+01
y[453][2], 4.931100e+01
y[454][2], 4.873100e+01
y[455][2], 4.873100e+01
y[456][2], 4.873100e+01
y[457][2], 4.873100e+01
y[458][2], 4.815100e+01
y[459][2], 4.815100e+01
y[460][2], 4.815100e+01
y[461][2], 4.815100e+01
y[462][2], 4.757100e+01
y[463][2], 4.757100e+01
y[464][2], 4.757100e+01
y[465][2], 4.757100e+01
y[466][2], 4.699100e+01
y[467][2], 4.699100e+01
y[468][2], 4.699100e+01
y[469][2], 4.641100e+01
y[470][2], 4.641100e+01
y[471][2], 4.641100e+01
y[472][2], 4.583100e+01
y[473][2], 4.583100e+01
y[474][2], 4.583100e+01
y[475][2], 4.583100e+01
y[476][2], 4.525100e+01
y[477][2], 4.525100e+01
y[478][2], 4.525100e+01
y[479][2], 4.525100e+01
y[480][2], 4.525100e+01
y[481][2], 4.467100e+01
y[482][2], 4.467100e+01
y[483][2], 4.467100e+01
y[484][2], 4.467100e+01
y[485][2], 4.409100e+01
y[486][2], 4.409100e+01
y[487][2], 4.409100e+01
y[488][2], 4.351100e+01
y[489][2], 4.351100e+01
y[490][2], 4.351100e+01
y[491][2], 4.351100e+01
y[492][2], 4.351100e+01
y[493][2], 4.293100e+01
y[494][2], 4.293100e+01
y[495][2], 4.293100e+01
y[496][2], 4.293100e+01
y[497][2], 4.235100e+01
